Ticket name,College,City
General Registration,BANGALORE,Bangalore
General Registration,Indian Institute of Science Education and Research Tirupati,Tirupati
Big Data,Indian Institute of Science Education and Research Tirupati,Tirupati
Big Data,"St. Joseph College, Bangalore",Bangalore
Big Data,St.Joseph College Bangalore,Bangalore
Big Data,"St.Joseph's College,Bangalore",Bangalore
Cyber Forensics,National Institute of Technology Meghalaya,Guntur
Cyber Forensics,National Institute of Technology Meghalaya,Guntur
Cyber Forensics,National Institute of Technology Meghalaya,Guntur
Big Data,Vidyavardhaka College of Engineering Mysore,Mysore
Big Data,St. Joseph's College(Autonomus),Bangalore
Big Data,Bangalore,Bangalore
Big Data,Bangalore,Bangalore
Internet of Things,"RVR&JC COLLEGE OF ENGINEERING , GUNTUR",Guntur
Internet of Things,"RVR&JC COLLEGE OF ENGINEERING , GUNTUR",Guntur
Big Data,"St.Joseph's College, Bangalore.",Bangalore
Big Data,ST JOSEPHS /BANGALORE,Bangalore
Big Data,St. Joseph's College,Bangalore
Big Data,St. Joseph's College,Bangalore
Internet of Things,"RVR & JC COLLEGE OF ENGINEERING, GUNTUR",Guntur
Internet of Things,"RVR&JC COLLEGE OF ENGINEERING , GUNTUR",Guntur
Internet of Things,"RVR&JC COLLEGE OF ENGINNERING , GUNTUR",Guntur
Internet of Things,RVR&JC COLLEGE OF ENGINEERING,Guntur
Internet of Things,RVR&JC COLLEGE OF ENGINEERING,Guntur
Android Controlled Robotics,RVR&JC College of Engineering,Guntur
Game Development using Virtual Reality,Sri Jayachamarajendra college of engineering,Mysore
Game Development using Virtual Reality,BMS college of engineering,Bangalore
Game Development using Virtual Reality,Vidya vikas college of engineering,Bangalore
Big Data,NITTE MEENAKSHI INSTITUTE OF TECHNOLOGY,Bangalore
Internet of Things,Sir M Visvesvaraya Institute Of Technology,Bangalore
Internet of Things,Sir M. Visvesvaraya Institute of Technology,Bangalore
Android Controlled Robotics,RVR@JC College of Engineering,Guntur
Internet of Things,Sir M Visveshvarya Institute Of Technology/ Bangalore,Bangalore
Android Controlled Robotics,RVR&JC College of Engineering,Guntur
Internet of Things,RVR and JCCE,Guntur
Internet of Things,R.V.R & J.C.COLLEGE OF ENGINEERING,Guntur
Internet of Things,Amrita School of Arts and Sciences/Mysore,Mysore
Internet of Things,Rvr&jc college of engineering/guntur,Guntur
Internet of Things,Rvr&jc College of engineering/guntur,Guntur
Internet of Things,RVR&JCCE,Guntur
Internet of Things,RVR&JCCE,Guntur
Internet of Things,RVR&JCCE,Guntur
Internet of Things,guntur,Guntur
Internet of Things,guntur,Guntur
Internet of Things,guntur,Guntur
Internet of Things,guntur,Guntur
Internet of Things,guntur,Guntur
Internet of Things,guntur,Guntur
Internet of Things,guntur,Guntur
Internet of Things,guntur,Guntur
Internet of Things,guntur,Guntur
Internet of Things,guntur,Guntur
Internet of Things,guntur,Guntur
Internet of Things,guntur,Guntur
Internet of Things,guntur,Guntur
Internet of Things,guntur,Guntur
Internet of Things,guntur,Guntur
Internet of Things,guntur,Guntur
Internet of Things,guntur,Guntur
Automobile and IC Engine Design,"DAYANANDA SAGAR COLLEGE OF ENGINEERING,BANGALORE",Bangalore
Internet of Things,Rvr&jc college of engineering,Guntur
Internet of Things,Rvr&jc college of engineering/guntur,Guntur
Internet of Things,RVR&JCCE,Guntur
Big Data,Bangalore,Bangalore
Internet of Things,guntur,Guntur
Internet of Things,guntur,Guntur
Internet of Things,guntur,Guntur
Internet of Things,guntur,Guntur
Internet of Things,guntur,Guntur
Internet of Things,guntur,Guntur
Internet of Things,guntur,Guntur
Internet of Things,guntur,Guntur
Internet of Things,RVR and JCCE,Guntur
Internet of Things,RVR and JCCE,Guntur
Internet of Things,RVR and JCCE,Guntur
General Registration,Bms college of engineering,Bangalore
Theatre Improv,Bmsce,Bangalore
General Registration,"NITK, Mangalore",Mangalore
General Registration,IISc Bangalore,Bangalore
Internet of Things,guntur,Guntur
Internet of Things,guntur,Guntur
Internet of Things,guntur,Guntur
Internet of Things,guntur,Guntur
Internet of Things,guntur,Guntur
Internet of Things,guntur,Guntur
Internet of Things,guntur,Guntur
Internet of Things,guntur,Guntur
Internet of Things,guntur,Guntur
Internet of Things,guntur,Guntur
Internet of Things,guntur,Guntur
Internet of Things,guntur,Guntur
Internet of Things,guntur,Guntur
Internet of Things,guntur,Guntur
Internet of Things,guntur,Guntur
Internet of Things,RVR&JCCE,Guntur
Big Data,St Joseph College Bangalore,Bangalore
Android Controlled Robotics,R.V.R&J.C CE,Guntur
Big Data,R.V.R&J.C CE,Guntur
Big Data,R.V.R&J.C CE,Guntur
Big Data,R.V.R&J.C CE,Guntur
Cyber Forensics,R.V.R&J.C CE,Guntur
Big Data,R.V.R&J.C C.E,Guntur
Internet of Things,R.V.R&J.C CE,Guntur
Internet of Things,Bangalore,Bangalore
Big Data,"RVR&JC COLLEGE OF ENGINEERING , GUNTUR",Guntur
Internet of Things,Guntur,Guntur
Internet of Things,Guntur,Guntur
Automobile and IC Engine Design,"RVR&JC College of Engineering ,Guntur",Guntur
Automobile and IC Engine Design,"RVR&JC College of Engineering ,Guntur",Guntur
Internet of Things,rvr&jc college of engineering,Guntur
Internet of Things,rvr&jc college of engineering,Guntur
Internet of Things,rvr&jc college of engineering,Guntur
Internet of Things,rvr&jc college of engineering,Guntur
Internet of Things,rvr&jc college of engineering,Guntur
Internet of Things,rvr&jc college of engineering,Guntur
Internet of Things,Rvr&jc College of engineering,Guntur
General Registration,RVRJCCE/GUNTUR,Guntur
Game Development using Virtual Reality,RVRJCCE/GUNTUR,Guntur
Big Data,RVRJCCE/GUNTUR,Guntur
Internet of Things,bangalore,Bangalore
Internet of Things,Chitradurga,Bangalore
Internet of Things,Acharya institute of technology,Bangalore
Automobile and IC Engine Design,"Rvr&jc college of engineering,Guntur",Guntur
Internet of Things,RVR and JCCE,Guntur
Internet of Things,RVR&JCCE/GUNTUR,Guntur
Internet of Things,RVR&JCCE/GUNTUR,Guntur
Internet of Things,RVR&JCCE/GUNTUR,Guntur
Internet of Things,RVR&JCCE/GUNTUR,Guntur
Internet of Things,RVR&JCCE/GUNTUR,Guntur
Big Data,RVR &JC COLLEGE OF ENGINEERING,Guntur
Big Data,RVR &JC COLLEGE OF ENGINEERING,Guntur
Big Data,RVR &JC COLLEGE OF ENGINEERING,Guntur
Big Data,RVR &JC COLLEGE OF ENGINEERING,Guntur
Big Data,RVR &JC COLLEGE OF ENGINEERING,Guntur
Big Data,RVR &JC COLLEGE OF ENGINEERING,Guntur
Touch and Augmented Reality,"RVR&JC COLLEGE OF ENGINEERING , GUNTUR",Guntur
Internet of Things,RVR&JCCE/GUNTUR,Guntur
Internet of Things,RVR&JCCE/GUNTUR,Guntur
Internet of Things,RVR&JCCE/GUNTUR,Guntur
Touch and Augmented Reality,"RVR&JC COLLEGE OF ENGINEERING , GUNTUR",Guntur
Big Data,PESIT Bangalore South Campus . Bangalore,Bangalore
Big Data,RVR&JCCE/Guntur,Guntur
Big Data,RVR JC college of engineering / Guntur,Guntur
Big Data,RVR JC college of engineering/ Guntur,Guntur
Big Data,R.V.R&J.C C.E,Guntur
Internet of Things,guntur,Guntur
Internet of Things,GUNTUR,Guntur
General Registration,guntur,Guntur
General Registration,guntur,Guntur
Internet of Things,Rvr&jc college of engineering,Guntur
Internet of Things,Rvr&jc college of engineering,Guntur
Internet of Things,Rvr&jc college of engineering,Guntur
Internet of Things,RVR & JC COLLEGE OF ENGINEERING,Guntur
Internet of Things,RVR & JC COLLEGE OF ENGINEERING,Guntur
Internet of Things,guntur,Guntur
Internet of Things,GUNTUR,Guntur
Internet of Things,guntur,Guntur
Internet of Things,guntur,Guntur
Internet of Things,guntur,Guntur
Internet of Things,guntur,Guntur
Big Data,Bangalore,Bangalore
Automobile and IC Engine Design,Shridevi Institute Of Engineering & Technology- Tumkur,Bangalore
Automobile and IC Engine Design,Shridevi Institute Of Engineering & Technology- Tumkur,Bangalore
Internet of Things,"RVR & JC college of engineering,guntur",Guntur
General Registration,The Camford International School / Coimbatore,Coimbatore
Android Controlled Robotics,The Camford International School / Coimbatore,Coimbatore
Internet of Things,guntur,Guntur
Big Data,RVR & JC College of Engineering/Guntur,Guntur
Big Data,"rvr&jc college of engineering,guntur",Guntur
Internet of Things,"RVR&JC COLLEGE OF ENGINEERING,GUNTUR",Guntur
Internet of Things,guntur,Guntur
Internet of Things,guntur,Guntur
Internet of Things,rvr jc college of engineering guntur,Guntur
Automobile and IC Engine Design,Mysore,Mysore
Internet of Things,"Rvr&jc college of engineering,guntur",Guntur
Internet of Things,"Rvr&jc college of engineering,guntur",Guntur
Internet of Things,"Rvr&jc college of engineering,guntur",Guntur
Internet of Things,"Rvr&jc college of engineering,guntur",Guntur
Internet of Things,rvr jc college of engineering guntur,Guntur
Cyber Forensics,"RVR & JC COLLEGE, GUNTUR",Guntur
Cyber Forensics,"RVR & JC COLLEGE, GUNTUR",Guntur
Cyber Forensics,"RVR & JC COLLEGE, GUNTUR",Guntur
Internet of Things,rvr jc college of engineering guntur,Guntur
Internet of Things,rvr jc college of engineering guntur,Guntur
Internet of Things,rvr jc college of engineering guntur,Guntur
Automobile and IC Engine Design,RVRJCCE/GUNTUR,Guntur
Internet of Things,Guntur,Guntur
Cyber Forensics,RVR&JC COLLEGE OF ENGINEERING,Guntur
Touch and Augmented Reality,RVR & JC COLLEGE OF ENGINEERING,Guntur
Touch and Augmented Reality,RVR & JC COLLEGE OF ENGINEERING,Guntur
Internet of Things,RVRJCCE/GUNTUR,Guntur
Cyber Forensics,RVRJCCE/GUNTUR,Guntur
Internet of Things,"RVR&JC COLLEGE OF ENGINEERING,GUNTUR,A.P",Guntur
Automobile and IC Engine Design,RVRJCCE/GUNTUR,Guntur
Internet of Things,"RVR&JC COLLEGE OF ENGINEERING,GUNTUR,A.P",Guntur
Big Data,RVR&JCCE/Guntur,Guntur
Internet of Things,RVR&JC COLLEGE OF ENGINEERING/Guntur,Guntur
Internet of Things,RVRJCCE/GUNTUR,Guntur
Internet of Things,RVRJCCE/GUNTUR,Guntur
Big Data,R.V.R&J.C.COLLEGE OF ENGINEERING,Guntur
Big Data,R.V.R&J.C.COLLEGE OF ENGINEERING,Guntur
Internet of Things,RVR&JCCE/GUNTUR,Guntur
Big Data,"RVR & JC College of Engineering , Guntur ,Andhra Pradesh",Guntur
Big Data,"St Joseph's College, Bangalore",Bangalore
Internet of Things,RVR and JCCE,Guntur
Big Data,RVR & JC COLLEGE OF ENGINEERING,Guntur
Cyber Forensics,RVR & JC COLLEGE OF ENGINEERING,Guntur
Automobile and IC Engine Design,RVR & JC COLLEGE OF ENGINEERING,Guntur
Internet of Things,RVR & JC COLLEGE OF ENGINEERING,Guntur
Internet of Things,RVR&JCCE/GUNTUR,Guntur
Internet of Things,guntur,Guntur
Internet of Things,RVR&JCCE/GUNTUR,Guntur
Internet of Things,RVR&JCCE/GUNTUR,Guntur
Internet of Things,RVR&JCCE/GUNTUR,Guntur
Internet of Things,Rvr&JC college of engineering/guntur,Guntur
Internet of Things,RVR and JCCE,Guntur
Internet of Things,Rvr&Jc college of engineering,Guntur
Internet of Things,RVR&JC COLLEGE OF ENGINEERING/GUNTUR,Guntur
Automobile and IC Engine Design,rvr&jc college of engineering,Guntur
Automobile and IC Engine Design,"RVR&JC College of Engineering,Guntur",Guntur
Internet of Things,RVR and JCCE,Guntur
Internet of Things,t john institute of technology/bangalore,Bangalore
Internet of Things,rvr&jc/guntur,Guntur
Internet of Things,RVR & JC COLLEGE OF ENGINEERING,Guntur
Internet of Things,RVR & JC COLLEGE OF ENGINEERING,Guntur
Internet of Things,RVR & JC COLLEGE OF ENGINEERING,Guntur
Internet of Things,RVR & JC COLLEGE OF ENGINEERING,Guntur
Touch and Augmented Reality,RVRJC,Guntur
Touch and Augmented Reality,RVRJC,Guntur
Internet of Things,RVR & JC COLLEGE OF ENGINEERING,Guntur
Internet of Things,RVR & JC COLLEGE OF ENGINEERING,Guntur
Cyber Forensics,rvr&jc college of engineering,Guntur
Big Data,RVR&JC COLLEGE OF ENGINEERING,Guntur
General Registration,qis engineering college and technology,Bangalore
General Registration,rvr&jc college of engineering,Guntur
General Registration,rvr&jc college of engineering,Guntur
General Registration,rvr&jc college of engineering,Guntur
General Registration,M.S.Ramaiah Institute Of Technology/Bangalore,Bangalore
Automobile and IC Engine Design,"RVR&JC college of engineering, Guntur",Guntur
Big Data,RVR&JC COLLEGE OF ENGINEERING,Guntur
Big Data,RVR&JC COLLEGE OF ENGINEERING,Guntur
Internet of Things,RVR&JCCE/GUNTUR,Guntur
Automobile and IC Engine Design,"RVR&JC COLLEGE OF ENGINEERING,GUNTUR",Guntur
Internet of Things,IIIT Banagalore,Mumbai
Internet of Things,VIT University / Chennai,Chennai
Internet of Things,RVR&JC COLLEGE OF ENGINEERING,Guntur
Internet of Things,"Rvr&jc college of engineering and technology, guntur",Guntur
Internet of Things,RVRJCCE/GUNTUR,Guntur
Internet of Things,"Amrita School of Arts and Sciences, Mysore",Mysore
Cyber Forensics,RVRJCCE/GUNTUR,Guntur
Cyber Forensics,RVRJCCE/GUNTUR,Guntur
Cyber Forensics,RVR and JC College of Engineering,Guntur
Cyber Forensics,RVR and JC College of Engineering,Guntur
Cyber Forensics,RVR and JC College of Engineering,Guntur
Cyber Forensics,RVR and JC College of Engineering,Guntur
Cyber Forensics,RVR and JC College of Engineering,Guntur
Cyber Forensics,RVR and JC College of Engineering,Guntur
Cyber Forensics,RVR and JC College of Engineering,Guntur
Cyber Forensics,RVR and JC College of Engineering,Guntur
Internet of Things,RVR & JC College of Engineering,Guntur
Internet of Things,RVR & JC College of Engineering,Guntur
Internet of Things,RVR & JC College of Engineering,Guntur
Internet of Things,RVR & JC College of Engineering,Guntur
Internet of Things,RVR & JC College of Engineering,Guntur
Internet of Things,rvr jc college of engineering guntur,Guntur
Internet of Things,guntur,Guntur
Internet of Things,R.V.R&J.C C.E,Guntur
Internet of Things,R.V.R&J.C C.E,Guntur
Internet of Things,RVR & JC College of Engineering,Guntur
Automobile and IC Engine Design,"R.V.R&J.C College of Engineering, Guntur",Guntur
Drone Photography,RVR&JC(GUNTUR),Guntur
Drone Photography,RVR&JC(GUNTUR),Guntur
Drone Photography,RVR&JC(GUNTUR),Guntur
Cyber Forensics,Rvr and Jc college of Engineering,Guntur
Cyber Forensics,Rvr&jc college of engineering,Guntur
Android Controlled Robotics,RVR&JC college of engineering,Guntur
Game Development using Virtual Reality,RVR & JC COLLEGE OF ENGINEERING CHOWDARAM GUNTUR,Guntur
Internet of Things,Amrita School of Arts and Sciences,Bangalore
Cyber Forensics,Rvr and JC college of engineering,Guntur
Internet of Things,RVR and JCCE,Guntur
Game Development using Virtual Reality,Guntur,Guntur
Touch and Augmented Reality,Rvr and jc college of engineering,Guntur
Touch and Augmented Reality,Rvr and jc college of engineering,Guntur
Internet of Things,"RVR&JC College Of Engineering,Guntur",Guntur
Internet of Things,"Rvr&jc college of engineering, Guntur",Guntur
Internet of Things,RVR&JC College Of Enginnering,Guntur
Internet of Things,RVR&JC College Of Enginnering,Guntur
Internet of Things,RVR&JC College Of Engineering,Guntur
Internet of Things,RVR&JC College Of Engineering,Guntur
Internet of Things,Chalapathi Institute of Technology,Bangalore
Game Development using Virtual Reality,RVR AND JC COLLEGE OF ENGINEERING GUNTUR,Guntur
Game Development using Virtual Reality,RVR AND JC COLLEGE OF ENGINEERING GUNTUR,Guntur
Game Development using Virtual Reality,RVR AND JC COLLEGE OF ENGINEERING GUNTUR,Guntur
Internet of Things,KALLAM HARANADHA REDDY INSTITUTE OF TECHNOLOGY GUNTUR,Guntur
Big Data,RVR & JC COLLEGE OF ENGINEERING,Guntur
Internet of Things,"Amrita school of Arts and Sciences, Mysuru",Mysore
Internet of Things,"Amrita school of Arts and Sciences, Mysuru",Mysore
Big Data,RVR & JC COLLEGE OF ENGINEERING,Guntur
Big Data,RVR & JC COLLEGE OF ENGINEERING,Guntur
Big Data,RVR & JC COLLEGE OF ENGINEERING,Guntur
Big Data,RVR & JC COLLEGE OF ENGINEERING,Guntur
Big Data,RVR & JC COLLEGE OF ENGINEERING,Guntur
General Registration,BANGALORE,Bangalore
Big Data,R.V.R & J.C. college of engineering,Guntur
Big Data,R V R & J C College of Engineering,Guntur
Cyber Forensics,Guntur,Guntur
Cyber Forensics,Guntur,Guntur
General Registration,MSRIT Bengaluru,Bangalore
Internet of Things,Amrita school of arts and science mysore,Mysore
Automobile and IC Engine Design,M S RAMAIAH INSTITUTE OF TECHNOLOGY,Bangalore
Big Data,RVR AND JC COLLEGE OF ENGINEERING/CHOWDAVARAM,Guntur
Big Data,RVR AND JC COLLEGE OF ENGINEERING/CHOWDAVARAM,Guntur
Cyber Forensics,RVR AND JC COLLEGE OF ENGINEERING/CHOWDAVARAM,Guntur
Cyber Forensics,RVR AND JC COLLEGE OF ENGINEERING/CHOWDAVARAM,Guntur
Automobile and IC Engine Design,RVR&JC COLLEGE OF ENGINEERING,Guntur
Big Data,RVR & JC COLLEGE OF ENGINEERING,Guntur
Internet of Things,Bangalore,Bangalore
Internet of Things,IIT Madras,Bangalore
Internet of Things,Mysore,Mysore
Internet of Things,Bangalore,Bangalore
Android Controlled Robotics,BNM Institute of Technology,Bangalore
Automobile and IC Engine Design,R.V.R & J.C College Of Engineering/Guntur,Guntur
Big Data,RVR & JC Engineering College / Guntur,Guntur
Cyber Forensics,"RVR&JC , GUNTUR",Guntur
Cyber Forensics,Rvrjcce/ guntur,Guntur
Quadcopter Workshop,Rvr&jc college of engineering,Guntur
Quadcopter Workshop,Rvr&jc college of engineering,Guntur
Internet of Things,"Rvr&jc college of engineering, Guntur, A. P",Guntur
Automobile and IC Engine Design,"vignan institute of technology and sciences,Hyderabad",Hyderabad
Big Data,"Vignan institute of technology and sciences,Hyderabad",Hyderabad
General Registration,"UNIVERSITY COLLEGE OF ENGINEERING, JNTUK, NARASARAOPETA",Narasaraopeta
Cyber Forensics,"UNIVERSITY COLLEGE OF ENGINEERING, JNTUK, NARASARAOPETA",Narasaraopeta
Big Data,rvr&jc college of engineering,Guntur
Big Data,rvr&jc college of engineering,Guntur
Internet of Things,Bengaluru,Bangalore
Game Development using Virtual Reality,Kallam haranadha reddy institute of technology,Bangalore
Quadcopter Workshop,Rvr&jc college of engineering,Guntur
Big Data,RVR&JC COLLEGE OF ENGINEERING,Guntur
Big Data,RVR&JC COLLEGE OF ENGINEERING,Guntur
Big Data,RVR&JC COLLEGE OF ENGINEERING,Guntur
Big Data,RVR&JC COLLEGE OF ENGINEERING,Guntur
Cyber Forensics,rvr and jc college of engineering,Guntur
General Registration,GUNTUR,Guntur
Big Data,RVR&JCCE/Guntur,Guntur
Big Data,Bangalore,Bangalore
Cyber Forensics,Jntuk University College of Engineering Narsaraopet,Bangalore
Cyber Forensics,JNTUK-UCEN,Bangalore
Cyber Forensics,ACHARYA INSTITUTE OF TECHNOLOGY,Bangalore
Cyber Forensics,ACHARYA INSTITUTE OF TECHNOLOGY,Bangalore
Big Data,Guntur,Guntur
Big Data,Guntur,Guntur
Big Data,Guntur,Guntur
Big Data,Gutntur,Bangalore
Big Data,Guntur,Guntur
Big Data,Guntur,Guntur
Big Data,Guntur,Guntur
Internet of Things,Rv college of engineering Bangalore,Bangalore
Cyber Forensics,JNTUK University College Of Engineering Narasaraopet,Narasaraopeta
Big Data,Guntur,Guntur
Big Data,Guntur,Guntur
Internet of Things,GUNTUR,Guntur
Internet of Things,RVR&JC College of Engineering,Guntur
General Registration,NIT Trichy,Trichy
General Registration,ITER Bhubaneswar,Bangalore
Game Development using Virtual Reality,NIT Trichy,Trichy
Game Development using Virtual Reality,ITER Bhubhaneshwar,Bangalore
Automobile and IC Engine Design,PES University/ Bangalore,Bangalore
General Registration,MSRIT Bengaluru,Bangalore
Internet of Things,MSRIT Bengaluru,Bangalore
Internet of Things,"M S Ramaiah Institute Of Technology, Bangalore",Bangalore
Internet of Things,"BNM Institute of Technology, Bangalore",Bangalore
Internet of Things,Bangalore,Bangalore
Quadcopter Workshop,Rvr&jc college of engineering,Guntur
Quadcopter Workshop,Rvr&jc college of engineering,Guntur
Internet of Things,"PSG College Of Technology, Coimbatore",Coimbatore
Internet of Things,"PSG College Of Technology, Coimbatore",Coimbatore
Internet of Things,"PSG College Of Technology, Coimbatore",Coimbatore
Internet of Things,MSRIT bangalore,Bangalore
Quadcopter Workshop,bmsce/bangalore,Bangalore
Internet of Things,R V College of Engineering,Bangalore
Internet of Things,R V College of Engineering,Bangalore
Internet of Things,"BNM Institute of Technology, Bangalore",Bangalore
Big Data,BNM INSTITUTE OF TECHNOLOGY/bangalore,Bangalore
Internet of Things,"rvr and jc,guntur",Guntur
Internet of Things,"rvr and jc,guntur",Guntur
Internet of Things,MSRIT,Bangalore
Big Data,PESIT,Bangalore
Big Data,PESIT,Bangalore
Touch and Augmented Reality,"ACHARYA INSTITUTE OF TECHNOLOGY, BANGALORE",Bangalore
Touch and Augmented Reality,Msrit,Bangalore
Touch and Augmented Reality,Msrit,Bangalore
Big Data,"BNMIT, BANGALORE",Bangalore
General Registration,"M.S.R.I.T, Bangalore.",Bangalore
Cyber Forensics,"RVR&JC CE,GUNTUR",Guntur
Cyber Forensics,"RVR&JC CE,GUNTUR",Guntur
Cyber Forensics,"RVR&JC CE,GUNTUR",Guntur
Cyber Forensics,"RVR&JC CE,GUNTUR",Guntur
Cyber Forensics,"RVR&JC CE,GUNTUR",Guntur
Cyber Forensics,"RVR&JC CE,GUNTUR",Guntur
Game Development using Virtual Reality,MS RAMAIAH INSTITUTE OF TECHNOLOGY/BENGALURU,Bangalore
Game Development using Virtual Reality,MS RAMAIAH INSTITUTE OF TECHNOLOGY/BENGALURU,Bangalore
Android Controlled Robotics,JNTUA College of engineering,Bangalore
Android Controlled Robotics,JNTUA College of engineering,Bangalore
Android Controlled Robotics,JNTUA College of Engineering Anantapuramu,Anantapur
Android Controlled Robotics,JNTUA College of Engineering Anantapuramu,Anantapur
Android Controlled Robotics,JNTUA College of Engineering Anantapuramu,Anantapur
Android Controlled Robotics,JNTUA College of Engineering Anantapuramu,Anantapur
Android Controlled Robotics,JNTUA College of Engineering Anantapuramu,Anantapur
General Registration,Chennai,Chennai
Cyber Forensics,Chennai,Chennai
Android Controlled Robotics,JNTUA COLLEGE OF ENGINEERING ANANTAPURAMU,Anantapur
Big Data,RVR&JCCE/GUNTUR,Guntur
General Registration,Chennai,Chennai
Cyber Forensics,Chennai,Chennai
Android Controlled Robotics,Jntua college of engineering ananatapur,Bangalore
General Registration,Guntur,Guntur
Cyber Forensics,"Rvr&jc college of engineering,Guntur",Guntur
Android Controlled Robotics,Jntua college of engineering anantapur,Anantapur
Android Controlled Robotics,JNTUA COLLEGE OF ENGINEERING ANANTAPURAMU,Anantapur
Big Data,RVR&JC COLLEGE OF ENGINEERING,Guntur
Big Data,RVR&JC COLLEGE OF ENGINEERING,Guntur
Big Data,RVR&JC COLLEGE OF ENGINEERING,Guntur
Big Data,RVR&JC COLLEGE OF ENGINEERING,Guntur
Big Data,RVR&JC COLLEGE OF ENGINEERING,Guntur
Big Data,RVR&JC COLLEGE OF ENGINEERING,Guntur
Big Data,RVR&JC COLLEGE OF ENGINEERING,Guntur
Pravega Accommodation for 2 nights,RVR&JC COLLEGE OF ENGINEERING,Guntur
Pravega Accommodation for 2 nights,RVR&JC COLLEGE OF ENGINEERING,Guntur
Pravega Accommodation for 2 nights,RVR&JC COLLEGE OF ENGINEERING,Guntur
Pravega Accommodation for 2 nights,RVR&JC COLLEGE OF ENGINEERING,Guntur
Pravega Accommodation for 2 nights,RVR&JC COLLEGE OF ENGINEERING,Guntur
Pravega Accommodation for 2 nights,RVR&JC COLLEGE OF ENGINEERING,Guntur
Pravega Accommodation for 2 nights,RVR&JC COLLEGE OF ENGINEERING,Guntur
Touch and Augmented Reality,Jntua college of engineering,Bangalore
Touch and Augmented Reality,Jntua college of engineering,Bangalore
Touch and Augmented Reality,Jntua college of engineering,Bangalore
Touch and Augmented Reality,Jntua college of engineering,Bangalore
Android Controlled Robotics,Jntua college of engineering,Bangalore
Android Controlled Robotics,Anantapur,Anantapur
Pravega Accommodation for 2 nights,JNTUACE,Bangalore
Touch and Augmented Reality,Gitam University/Bangalore Rural,Bangalore
Touch and Augmented Reality,Gitam University/ Bangalore Rural,Bangalore
Touch and Augmented Reality,Gitam University/Bangalore Rural,Bangalore
Touch and Augmented Reality,Gitam University/Bangalore Rural,Bangalore
Touch and Augmented Reality,Gitam University/BANGALORE RURAL,Bangalore
Touch and Augmented Reality,Gitam University/ Bangalore Rural,Bangalore
Touch and Augmented Reality,Gitam University/ Bangalore Rural,Bangalore
Touch and Augmented Reality,Gitam University/ Bangalore Rural,Bangalore
Touch and Augmented Reality,Gitam University/ Bangalore Rural,Bangalore
Android Controlled Robotics,Jntua college of engineering,Bangalore
Touch and Augmented Reality,ACHARYA INSTITUTE OF TECHNOLOGY,Bangalore
Touch and Augmented Reality,rvr&jc college of engineering,Guntur
Touch and Augmented Reality,Jntua college of engineering,Bangalore
Touch and Augmented Reality,Jntua college of engineering,Bangalore
Touch and Augmented Reality,Jntua college of engineering,Bangalore
Touch and Augmented Reality,rvr&jc college of engineering,Guntur
Automobile and IC Engine Design,Rajiv gandhi institution of technology,Bangalore
Touch and Augmented Reality,"Acharyainstitutesoftechnology,Bangalore",Bangalore
Touch and Augmented Reality,"Acharya institute of technology, Bangalore",Bangalore
Cyber Forensics,Chennai,Chennai
General Registration,Chennai,Chennai
Quadcopter Workshop,"M.J.P. Rohilkhand University, Bareilly, Uttar Pradesh",Bareilly
General Registration,JNTU ANANTAPUR,Anantapur
Android Controlled Robotics,Anantapur,Anantapur
Pravega Accommodation for 2 nights,"JNTUA ANANTAPUR, ANANTAPUR",Anantapur
Pravega Accommodation for 2 nights,"Vignan Nirula institute of science and technology for women's,Guntur",Guntur
Android Controlled Robotics,"Vignan Nirula institute of science and technology for women's,Guntur",Guntur
Android Controlled Robotics,Bangalore,Bangalore
Big Data,RVRJC guntur,Guntur
Automobile and IC Engine Design,"M S RAMAIAH INSTITUTE OF TECHNOLOGY, BENGALURU",Bangalore
Android Controlled Robotics,JNTUA College of Engineering,Bangalore
Android Controlled Robotics,JNTUA College of Engineering,Bangalore
Android Controlled Robotics,JNTUA College of Engineering,Bangalore
Android Controlled Robotics,"JNTUA COLLEGE OF ENGINEERING ANATHAPURAMU,ANANTHAPUARAMU",Anantapur
Pravega Accommodation for 2 nights,"JNTUA COLLEGE OF ENGINEERING ANANTHAPURAMU,ANANTHAPURAMU",Anantapur
Android Controlled Robotics,JNTUA College Of Engineering Anantapur,Anantapur
Android Controlled Robotics,JNTUA College Of Engineering Anantapur,Anantapur
Pravega Accommodation for 2 nights,JNTUA College Of Engineering Anantapur,Anantapur
Android Controlled Robotics,JNTUA ANANTAPURAMU,Anantapur
Android Controlled Robotics,Jntua anantapur,Anantapur
Android Controlled Robotics,JNTU-anantapur,Anantapur
Touch and Augmented Reality,BNM INSTITUTE OF TECHNOLOGY,Bangalore
Touch and Augmented Reality,BNM INSTITUTE OF TECHNOLOGY,Bangalore
Automobile and IC Engine Design,"PSG Institute of Technology and Applied Research, Coimbatore.",Coimbatore
Pravega Accommodation for 2 nights,"PSG Institute of Technology and Applied Research, Coimbatore.",Coimbatore
General Registration,RV COLLEGE OF ENGINEERING,Bangalore
Android Controlled Robotics,"JNTUA COLLEGE OF ENGINEERING ANANTHAPURAMU,ANANTHAPURAMU",Anantapur
Pravega Accommodation for 2 nights,"JNTUA COLLEGE OF ENGINEERING ANANTHAPURAMU,ANANTHAPURAMU",Anantapur
Touch and Augmented Reality,"BNMIT,Bengaluru",Bangalore
Automobile and IC Engine Design,"Amrita School of Engineering, Bangalore",Bangalore
Automobile and IC Engine Design,"Amrita School of Engineering, Bangalore",Bangalore
Big Data,Sathyabama university,Chennai
Big Data,Sathyabama university,Chennai
Pravega Accommodation for 2 nights,Sathyabama university,Chennai
Pravega Accommodation for 2 nights,Sathyabama university,Chennai
General Registration,GUNTUR,Guntur
General Registration,"Ajay Kumar Garg Engineering College, Ghaziabad",Ghaziabad
Touch and Augmented Reality,"Ajay Kumar Garg Engineering College, Ghaziabad",Ghaziabad
Pravega Accommodation for 2 nights,"Ajay Kumar Garg Engineering College, Ghaziabad",Ghaziabad
Pravega Accommodation for 2 nights,Acharya institute of technology,Bangalore
Pravega Accommodation for 2 nights,Acharya institute of technology,Bangalore
Pravega Accommodation for 2 nights,Acharya institute of technology,Bangalore
Touch and Augmented Reality,MSRIT/Bangalore,Bangalore
Touch and Augmented Reality,MSRIT/Bangalore,Bangalore
Android Controlled Robotics,"jawarharlal nehru technologival university ,ananthapur",Anantapur
Theatre Improv,"M.S.Ramaiah Institute of Technology, Bangalore",Bangalore
Automobile and IC Engine Design,Vignan institute of science and techonology,Bangalore
Big Data,"Sree vidyanikethan engineering college,Tirupati",Tirupati
General Registration,Ajay Kumar Garg Engineering College,Bangalore
Pravega Accommodation for 2 nights,Ajay Kumar Garg Engineering College,Bangalore
Touch and Augmented Reality,Ajay Kumar Garg Engineering College,Bangalore
Touch and Augmented Reality,"RVR&JCCE,GUNTUR",Guntur
Touch and Augmented Reality,RVR&JCCE,Guntur
Big Data,"sree vidyanikethan engineering college, Tirupati",Tirupati
Android Controlled Robotics,Bangalore,Bangalore
Cyber Forensics,"PES University, Bangalore",Bangalore
Automobile and IC Engine Design,PSG Institute of Technology and Applied Research / Coimbatore,Coimbatore
Pravega Accommodation for 2 nights,PSG Institute of Technology and Applied Research / Coimbatore,Coimbatore
Big Data,RVR&JC college of enginnering,Guntur
Big Data,Tirupati,Tirupati
Theatre Improv,NMIT,Bangalore
Android Controlled Robotics,JNTU COLLEGE OF ENGINEERING ANANTHAPUR,Anantapur
Android Controlled Robotics,JNTU ANANTAPUR,Anantapur
Android Controlled Robotics,"Gitam University, Bangalore",Bangalore
Android Controlled Robotics,"PES University, Bangalore",Bangalore
General Registration,Sathyabama university,Chennai
Cyber Forensics,Sathyabama university,Chennai
Pravega Accommodation for 2 nights,Sathyabama university,Chennai
Touch and Augmented Reality,R.V.R&J.C.\Guntur,Guntur
Game Development using Virtual Reality,PES University,Bangalore
Big Data,B N M INSTITUTE OF TECHNOLOGY,Bangalore
Touch and Augmented Reality,Gitam University/ Bangalore,Bangalore
Automobile and IC Engine Design,PES University/ Bengaluru,Bangalore
Cyber Forensics,GITAM University Bengaluru,Bangalore
Pravega Accommodation for 2 nights,GITAM University Bengaluru,Bangalore
Pravega Accommodation for 2 nights,National Institute of Technology Karnataka,Bangalore
Automobile and IC Engine Design,"The National institute of engineering,Mysore",Mysore
Game Development using Virtual Reality,"Acharya Institute of Technology,Bangalore",Bangalore
Game Development using Virtual Reality,"Acharya Institute of Technology, Bangalore",Bangalore
Game Development using Virtual Reality,"Acharya Institute of Technology,Bangalore",Bangalore
Android Controlled Robotics,JNTU COLLEGE OF ENGINEERING ANANTHAPUR,Anantapur
Android Controlled Robotics,JNTU COLLEGE OF ENGINEERING ANANTHAPUR,Anantapur
Automobile and IC Engine Design,PSG Institute of Technology and Applied Research / Coimbatore,Coimbatore
Pravega Accommodation for 2 nights,PSG Institute of Technology and Applied Research / Coimbatore,Coimbatore
Automobile and IC Engine Design,"PSG Institute of Technology and Applied Research, Coimbatore",Coimbatore
Pravega Accommodation for 2 nights,"PSG Institute of Technology and Applied Research, Coimbatore",Coimbatore
Drone Photography,YSR ENGINEERING COLLEGE OF YOGIVEMANNA UNIVERSITY,Bangalore
Cyber Forensics,RVCE,Bangalore
General Registration,R.V College of Engineering / Bangalore,Bangalore
General Registration,Visakhapatnam,Bangalore
General Registration,Guntur,Guntur
Pravega Accommodation for 2 nights,Visakhapatnam,Bangalore
Pravega Accommodation for 2 nights,Guntur,Guntur
Drone Photography,Jntua engineering college of kalikiri,Bangalore
Cyber Forensics,st.marys groups of instutions chebrolu,Bangalore
Drone Photography,YSR ENGINEERING COLLEGE OF YOGIVEMUNA UNIVERSITY,Bangalore
Cyber Forensics,Amrita School of Engineering/ Bangalore,Bangalore
General Registration,"St. Joseph's College (Autonomous), Bangalore",Bangalore
General Registration,PVP Siddhartha institute of technology. Vijayawada,Bangalore
General Registration,"PSG College of Arts and Science,Coimbatore",Coimbatore
General Registration,"PSG College of Arts and Science,Coimbatore",Coimbatore
General Registration,"PSG College of Arts and Science,Coimbatore",Coimbatore
Quadcopter Workshop,"B.M.S.College of Engineering,Bangaluru",Bangalore
Big Data,Sathyabama university,Chennai
Pravega Accommodation for 2 nights,Sathyabama university,Chennai
Android Controlled Robotics,Bangalore,Bangalore
General Registration,"PESIT SOUTH CAMPUS, BANGALORE",Bangalore
Android Controlled Robotics,"PESIT SOUTH CAMPUS, BANGALORE",Bangalore
Pravega Accommodation for 2 nights,"PESIT south campus, bangalore",Bangalore
Android Controlled Robotics,Jntua college of engineering anatapur,Bangalore
Android Controlled Robotics,Jntua college of engineering,Bangalore
Big Data,VVIT COLLEGE OF ENGINEERING,Bangalore
Drone Photography,jntu college of engineering pulivendula,Bangalore
Pravega Accommodation for 2 nights,"sree vidyanikethan engineering college, tirupati",Tirupati
Pravega Accommodation for 2 nights,"sree vidyanikethan engineering college,tirupati",Tirupati
Drone Photography,YSR ENGINEERING COLLEGE OF YOGIVEMUNA UNIVERSITY,Bangalore
Touch and Augmented Reality,VASIREDDY VENKATADRI INSTITUTE OF TECHNOLOGY,Bangalore
Cyber Forensics,GITAM UNIVERSITY,Bangalore
Cyber Forensics,GITAM UNIVERSITY,Bangalore
Cyber Forensics,GITAM UNIVERSITY,Bangalore
Pravega Accommodation for 2 nights,Gitam University/ Bangalore,Bangalore
Pravega Accommodation for 2 nights,Gitam University / Bangalore,Bangalore
Pravega Accommodation for 2 nights,Gitam University/ Bangalore,Bangalore
Pravega Accommodation for 2 nights,Gitam University/ Bangalore,Bangalore
Pravega Accommodation for 2 nights,Gitam University/ Bangalore,Bangalore
Pravega Accommodation for 2 nights,Gitam University/ Bangalore,Bangalore
Pravega Accommodation for 2 nights,Gitam University/ Bangalore,Bangalore
Pravega Accommodation for 2 nights,Gitam University/ Bangalore,Bangalore
Pravega Accommodation for 2 nights,Gitam University/ Bangalore,Bangalore
Pravega Accommodation for 2 nights,Gitam University/ Bangalore,Bangalore
Automobile and IC Engine Design,Dr.AIT,Bangalore
Automobile and IC Engine Design,JSS Academy Of Technical Education Bengaluru,Bangalore
Android Controlled Robotics,PES University,Bangalore
Automobile and IC Engine Design,GITAM SCHOOL OF TECHNOLOGY,Bangalore
Automobile and IC Engine Design,GITAM school of technology,Bangalore
Automobile and IC Engine Design,GITAM school of technology,Bangalore
Game Development using Virtual Reality,"SIr MVIT, Bengaluru",Bangalore
Automobile and IC Engine Design,GITAM School of technology,Bangalore
Touch and Augmented Reality,Gitam University/ Bangalore,Bangalore
Touch and Augmented Reality,Gitam University/ Bangalore,Bangalore
Big Data,BANGALORE,Bangalore
Game Development using Virtual Reality,JNTUA College of Engineering Anantapuramu,Anantapur
Game Development using Virtual Reality,JNTUA College Of Engineering Anantapuramu,Anantapur
Cyber Forensics,GITAM UNIVERSITY,Bangalore
Cyber Forensics,GITAM UNIVERSITY,Bangalore
Quadcopter Workshop,Mysore,Mysore
Quadcopter Workshop,Mysuru,Mysore
Quadcopter Workshop,Mysuru,Mysore
Quadcopter Workshop,Mysuru,Mysore
Quadcopter Workshop,"SJCE, Mysore",Mysore
Cyber Forensics,AMRITHA SCHOOL OF ENG,Bangalore
Android Controlled Robotics,GITAM UNIVERSITY,Bangalore
Android Controlled Robotics,GITAM UNIVERSITY,Bangalore
General Registration,"AKS University, Satna (M.P.) INDIA 485001",Satna
General Registration,"AKS University, Satna (M.P.) INDIA 485001",Satna
General Registration,"AKS University, Satna (M.P.) INDIA 485001",Satna
General Registration,"AKS University, Satna (M.P.) INDIA 485001",Satna
General Registration,"AKS University, Satna (M.P.) INDIA 485001",Satna
General Registration,"AKS University, Satna (M.P.) INDIA 485001",Satna
General Registration,"AKS University, Satna (M.P.) INDIA 485001",Satna
General Registration,"AKS University, Satna (M.P.) INDIA 485001",Satna
General Registration,"AKS University, Satna (M.P.) INDIA 485001",Satna
General Registration,"AKS University, Satna (M.P.) INDIA 485001",Satna
General Registration,"AKS University, Satna (M.P.) INDIA 485001",Satna
General Registration,"AKS University, Satna (M.P.) INDIA 485001",Satna
General Registration,"AKS University, Satna (M.P.) INDIA 485001",Satna
General Registration,"AKS University, Satna (M.P.) INDIA 485001",Satna
General Registration,"AKS University, Satna (M.P.) INDIA 485001",Satna
General Registration,"AKS University, Satna (M.P.) INDIA 485001",Satna
General Registration,"AKS University, Satna (M.P.) INDIA 485001",Satna
General Registration,"AKS University, Satna (M.P.) INDIA 485001",Satna
General Registration,"AKS University, Satna (M.P.) INDIA 485001",Satna
General Registration,"AKS University, Satna (M.P.) INDIA 485001",Satna
General Registration,"AKS University, Satna (M.P.) INDIA 485001",Satna
Game Development using Virtual Reality,"GITAM School of Technology,Bangalore",Bangalore
Game Development using Virtual Reality,"GITAM School of Technology,Bangalore",Bangalore
Game Development using Virtual Reality,"GITAM School of Technology,Bangalore",Bangalore
Game Development using Virtual Reality,"GITAM School of Technology,Bangalore",Bangalore
Spray Paint Art,"IISc, Bengalore",Bangalore
Android Controlled Robotics,gitam university/bangalore,Bangalore
Touch and Augmented Reality,"GITAM School of Technology,Bangalore",Bangalore
Touch and Augmented Reality,"GITAM School of Technology,Bangalore",Bangalore
Game Development using Virtual Reality,"GITAM UNIVERSITY,BANGALORE",Bangalore
Android Controlled Robotics,"GITAM School of Technology,Bangalore",Bangalore
Touch and Augmented Reality,GITAM UNIVERSITY,Bangalore
Pravega Accommodation for 2 nights,GITAM UNIVERSITY,Bangalore
Quadcopter Workshop,SRI Jayachamarajendra College of Engineering,Bangalore
Quadcopter Workshop,SRI Jayachamarajendra College of Engineering,Bangalore
Quadcopter Workshop,SRI Jayachamarajendra College of Engineering,Bangalore
Touch and Augmented Reality,"GITAM School of Technology,Bangalore",Bangalore
Cyber Forensics,"GITAM School of Technology,Bangalore",Bangalore
Automobile and IC Engine Design,PSG INSTITUTE OF TECHNOLOGY AND APPLIED RESEARCH/COIMBATORE,Coimbatore
Automobile and IC Engine Design,PSG INSTITUTE OF TECHNOLOGY AND APPLIED RESEARCH/COIMBATORE,Coimbatore
Cyber Forensics,"GITAM School of Technology,Bangalore",Bangalore
Pravega Accommodation for 2 nights,Gitam university/ Bangalore,Bangalore
Pravega Accommodation for 2 nights,Gitam university/ Bangalore,Bangalore
Quadcopter Workshop,KUMARAGURU COLLEGE OF TECHNOLOGY/COIMBATORE,Coimbatore
Quadcopter Workshop,KUMARAGURU COLLEGE OF TECHNOLOGY/COIMBATORE,Coimbatore
Quadcopter Workshop,KUMARAGURU COLLEGE OF TECHNOLOGY/COIMBATORE,Coimbatore
Quadcopter Workshop,KUMARAGURU COLLEGE OF TECHNOLOGY/COIMBATORE,Coimbatore
Quadcopter Workshop,KUMARAGURU COLLEGE OF TECHNOLOGY/COIMBATORE,Coimbatore
Touch and Augmented Reality,"Vidyavardhaka college of engineering, mysore",Mysore
Quadcopter Workshop,Sjce,Bangalore
Cyber Forensics,RVCE Bangalore,Bangalore
Big Data,JSSATE,Bangalore
Big Data,JSSATE,Bangalore
Game Development using Virtual Reality,PES University,Bangalore
Automobile and IC Engine Design,JNTU PULIVENDULA,Bangalore
Automobile and IC Engine Design,JNTU PULIVENDULA,Bangalore
Pravega Accommodation for 2 nights,JNTU PULIVENDULA,Bangalore
Pravega Accommodation for 2 nights,JNTU PULIVENDULA,Bangalore
Cyber Forensics,"R.V.College Of Engineering, Bangalore",Bangalore
Big Data,"GITAM UNIVERSITY, BENGALURU",Bangalore
Cyber Forensics,RV College,Bangalore
Big Data,Gitam university,Bangalore
Quadcopter Workshop,Sjce,Bangalore
Quadcopter Workshop,"SJCE,Mysore",Mysore
Quadcopter Workshop,"SJCE,Mysore",Mysore
Quadcopter Workshop,"SJCE,Mysore",Mysore
Quadcopter Workshop,"SJCE,Mysore",Mysore
Quadcopter Workshop,"SJCE,Mysore",Mysore
Big Data,MVIT/BANGALORE,Bangalore
Automobile and IC Engine Design,UVCE / BANGALORE,Bangalore
Quadcopter Workshop,"JSS STU, Mysore",Mysore
Quadcopter Workshop,"JSS STU, Mysore",Mysore
Quadcopter Workshop,"JSS STU, Mysore",Mysore
Quadcopter Workshop,"JSS STU, Mysore",Mysore
Quadcopter Workshop,"JSS STU, Mysore",Mysore
General Registration,"Government Engineering College, Hassan.",Hassan
General Registration,"Government Engineering College, Hassan.",Hassan
Automobile and IC Engine Design,Government Engineering College Hassan,Hassan
Automobile and IC Engine Design,Government Engineering College Hassan,Hassan
Automobile and IC Engine Design,JNTUA college of Engineering Anantapuramu,Anantapur
Pravega Accommodation for 2 nights,JNTUA College of Engineering Anantapuramu,Anantapur
Automobile and IC Engine Design,JNTUA college of Engineering Anantapuramu,Anantapur
Game Development using Virtual Reality,Sree vidyaniketan Engineering college,Bangalore
Game Development using Virtual Reality,Sree vidyanikenthan Engineering college,Bangalore
Pravega Accommodation for 2 nights,JNTUA College of Engineering Anantapuramu,Anantapur
Automobile and IC Engine Design,JNTUA College of Engineering Anantapuramu,Anantapur
Pravega Accommodation for 2 nights,JNTUA College of Engineering Anantapuramu,Anantapur
General Registration,IIIT-Bangalore,Bangalore
General Registration,IIIT-Bangalore,Bangalore
Big Data,sree vidyanikethan engineering college,Bangalore
Automobile and IC Engine Design,"D.M.S.S.V.H College of Engineering,Machilipatnam",Machilipatnam
Automobile and IC Engine Design,"D.M.S.S.V.H College of Engineering,Machilipatnam",Machilipatnam
Automobile and IC Engine Design,"D.M.S.S.V.H College of Engineering,Machilipatnam",Machilipatnam
Automobile and IC Engine Design,"D.M.S.S.V.H College of Engineering,Machilipatnam",Machilipatnam
Automobile and IC Engine Design,"D.M.S.S.V.H College of Engineering,Machilipatnam",Machilipatnam
Automobile and IC Engine Design,"D.M.S.S.V.H College of Engineering,Machilipatnam",Machilipatnam
Android Controlled Robotics,National Institute of Open Schooling,Bangalore
Big Data,Sree vidyanikethan engineering college,Bangalore
Touch and Augmented Reality,GITAM UNIVERSITY,Bangalore
Touch and Augmented Reality,GITAM UNIVERSITY,Bangalore
Automobile and IC Engine Design,JNTUA College of Engineering Anantapuramu,Anantapur
Touch and Augmented Reality,GITAM UNIVERSITY,Bangalore
Automobile and IC Engine Design,JNTUA College of Engineering Anantapuramu,Anantapur
Pravega Accommodation for 2 nights,JNTUA College of Engineering Anantapuramu,Anantapur
Pravega Accommodation for 2 nights,PSG INSTITUTE OF TECHNOLOGY AND APPLIED RESEARCH/COIMBATORE,Coimbatore
Pravega Accommodation for 2 nights,PSG INSTITUTE OF TECHNOLOGY AND APPLIED RESEARCH/COIMBATORE,Coimbatore
Pravega Accommodation for 2 nights,ERODE,Bangalore
Pravega Accommodation for 2 nights,Sree vidyanikethan engineering college,Bangalore
Cyber Forensics,sree vidyanikethan engineering college,Bangalore
Touch and Augmented Reality,GITAM UNIVERSITY,Bangalore
Pravega Accommodation for 2 nights,GITAM UNIVERSITY,Bangalore
Touch and Augmented Reality,GITAM UNIVERSITY,Bangalore
Pravega Accommodation for 2 nights,GITAM UNIVERSITY,Bangalore
Touch and Augmented Reality,RVCE,Bangalore
Touch and Augmented Reality,RVCE,Bangalore
General Registration,University of Hyderabad / Hyderabad,Hyderabad
Automobile and IC Engine Design,"DMS SVH COLLEGE OF ENGINEERING,MACHILIPATNAM",Machilipatnam
Automobile and IC Engine Design,"DMS SVH COLLEGE OF ENGINEERING,MACHILIPATNAM",Machilipatnam
Automobile and IC Engine Design,"DMS SVH COLLEGE OF ENGINEERING,MACHILIPATNAM",Machilipatnam
Automobile and IC Engine Design,"DMS SVH COLLEGE OF ENGINEERING,MACHILIPATNAM",Machilipatnam
Automobile and IC Engine Design,"DMS SVH COLLEGE OF ENGINEERING,MACHILIPATNAM",Machilipatnam
Automobile and IC Engine Design,"DMS SVH COLLEGE OF ENGINEERING,MACHILIPATNAM",Machilipatnam
Big Data,sree vidyanikethan engineering college,Bangalore
Big Data,sree vidyanikethan engineering college,Bangalore
Automobile and IC Engine Design,Amrita Shcool of Engineering,Bangalore
Quadcopter Workshop,"SJCE,Mysore",Mysore
Quadcopter Workshop,"SJCE,Mysore",Mysore
Quadcopter Workshop,"SJCE,Mysore",Mysore
Quadcopter Workshop,"SJCE,Mysore",Mysore
Quadcopter Workshop,"SJCE,Mysore",Mysore
Touch and Augmented Reality,D.M.S.S.V.H College of engineering/machilipatnam,Machilipatnam
General Registration,"Sir M Visvesvaraya Institute of Technology, Bangalore",Bangalore
General Registration,"PES University, Bangalore",Bangalore
General Registration,MS Ramaiah Institute of Technology,Bangalore
General Registration,Jawaharlal Nehru technological university,Bangalore
Big Data,Jawaharlal Nehru technological university,Bangalore
Quadcopter Workshop,"Sri Jayachamarajendra college of engineering, Mysuru",Mysore
Quadcopter Workshop,"Sri Jayachamarajendra college of engineering, Mysuru",Mysore
General Registration,MSRIT,Bangalore
Quadcopter Workshop,"SJCE,MYSORE",Mysore
Quadcopter Workshop,Likith MC,Bangalore
Quadcopter Workshop,SJCE Mysore,Mysore
Quadcopter Workshop,SJCE mysuru,Mysore
Quadcopter Workshop,"SJCE, MYSORE",Mysore
Quadcopter Workshop,Bijapur,Bijapur
Pravega Accommodation for 2 nights,"Sree vidyanikethan engineering college,tirupati",Tirupati
Pravega Accommodation for 2 nights,"Sree vidyanikethan engineering college,tirupati",Tirupati
Quadcopter Workshop,SJCE Mysore,Mysore
Quadcopter Workshop,SJCE Mysore,Mysore
Quadcopter Workshop,Mysuru,Mysore
Quadcopter Workshop,Mysore,Mysore
Quadcopter Workshop,Mysore,Mysore
Quadcopter Workshop,Mysore,Mysore
Quadcopter Workshop,"SJCE, Mysore",Mysore
Quadcopter Workshop,"SJCE, Mysore",Mysore
Quadcopter Workshop,SJCE,Bangalore
Quadcopter Workshop,SJCE MYSORE,Mysore
Quadcopter Workshop,mysore,Mysore
Big Data,sri vidyaniketan tirupati,Tirupati
General Registration,MSRIT Bengaluru,Bangalore
Automobile and IC Engine Design,Vidyavardaga College of Engineering,Bangalore
Quadcopter Workshop,"Sri Jayachamarajendra College of Engineering, Mysuru",Mysore
Big Data,"SJCE, Mysore",Mysore
Big Data,sree vidyanikethan engineering college,Bangalore
Big Data,sree vidyanikethan engineering college,Bangalore
Big Data,"Sri Jayachamarajendra college of engineering,Mysore",Mysore
Big Data,"Sri Jayachamarajendra college of engineering, Mysore",Mysore
Big Data,"SJCE,Mysore",Mysore
Big Data,Sir MVIT/Bangalore,Bangalore
Pravega Accommodation for 2 nights,sree vidyanikethan engineering college,Bangalore
Pravega Accommodation for 2 nights,sree vidyanikethan engineering college,Bangalore
Pravega Accommodation for 2 nights,sree vidyanikethan engineering college,Bangalore
Pravega Accommodation for 2 nights,sree vidyanikethan engineering college,Bangalore
Pravega Accommodation for 2 nights,Jawaharlal Nehru technological university,Bangalore
Quadcopter Workshop,Sjce/ mysore,Mysore
Android Controlled Robotics,PES university Bangalore,Bangalore
Quadcopter Workshop,Mysore,Mysore
Android Controlled Robotics,"RVCE, Bangalore",Bangalore
Pravega Accommodation for 2 nights,sree vidyanikethan engineering college,Bangalore
Quadcopter Workshop,"Sjce, Mysuru",Mysore
Quadcopter Workshop,"Sri Jayachamrajendra college of engineering, Mysore",Mysore
Quadcopter Workshop,"Sjce, Mysuru",Mysore
General Registration,JNTU college of engineering Anantapur AndhraPradesh,Anantapur
Big Data,JNTU college of engineering Anantapur AndhraPradesh,Anantapur
Quadcopter Workshop,"Sri Jayachamarajendra College of Engineering, Mysore",Mysore
Touch and Augmented Reality,Acharya institutes of technology/Bangalore,Bangalore
Android Controlled Robotics,"GITAM University,Bengaluru rural",Bangalore
Android Controlled Robotics,"GITAM University,Bengaluru rural",Bangalore
Android Controlled Robotics,"GITAM University,Bengaluru rural",Bangalore
Pravega Accommodation for 2 nights,"GITAM University,Bengaluru rural",Bangalore
Pravega Accommodation for 2 nights,"GITAM University,Bengaluru rural",Bangalore
Pravega Accommodation for 2 nights,"GITAM University,Bengaluru rural",Bangalore
Big Data,"SJCE, Mysore",Mysore
Big Data,"SJCE, Mysore",Mysore
Quadcopter Workshop,Sjce mysore,Mysore
Big Data,SJCE /Mysore,Mysore
General Registration,PESIT South Campus,Bangalore
Game Development using Virtual Reality,PESIT South Campus,Bangalore
Big Data,Bengaluru,Bangalore
Big Data,MVJCE/ bangalore,Bangalore
Touch and Augmented Reality,"Gitam university ,Nagdenahalli,Doddaballapur,561203",Nagdenahalli
Android Controlled Robotics,PES UNIVERSITY/BANGALORE,Bangalore
Game Development using Virtual Reality,"Sree vidyanikethan engineering college,tirupati",Tirupati
Game Development using Virtual Reality,"Sree vidyanikethan engineering college,tirupati",Tirupati
General Registration,R.V. College Of Engineering,Bangalore
Spray Paint Art,Indian institute of science/Bangalore,Bangalore
Pravega Accommodation for 2 nights,"Sree vidyanikethan engineering college, tirupati",Tirupati
Pravega Accommodation for 2 nights,"Sree vidyanikethan engineering college, tirupati",Tirupati
Drone Photography,Machilipatnam,Machilipatnam
Automobile and IC Engine Design,JNTUA College of Engineering Anantapuramu,Anantapur
Pravega Accommodation for 2 nights,JNTUA College of Engineering Anantapuramu,Anantapur
Quadcopter Workshop,SREE VIDYANIKETHAN ENGINEERING COLLEGE/TIRUPATI,Tirupati
Quadcopter Workshop,SREE VIDYANIKETHAN ENGINEERING COLLEGE/TIRUPATI,Tirupati
General Registration,RGUKT RK VALLEY,Bangalore
Android Controlled Robotics,RGUKT RK VALLEY,Bangalore
General Registration,RGUKT RK VALLEY,Bangalore
Android Controlled Robotics,RGUKT RK VALLEY,Bangalore
Big Data,Mysore,Mysore
Pravega Accommodation for 2 nights,Mysore,Mysore
General Registration,RGUKT RK VALLEY,Bangalore
Cyber Forensics,RV college of engineering,Bangalore
Cyber Forensics,JNTUA college of Engineering Anantapuramu,Anantapur
Cyber Forensics,JNTUA College of Engineering Anantapuramu,Anantapur
Cyber Forensics,JNTUA College of Engineering Anantapuramu,Anantapur
Cyber Forensics,JNTUA College of Engineering Anantapuramu,Anantapur
Pravega Accommodation for 2 nights,JNTUA College of Engineering Anantapuramu,Anantapur
Pravega Accommodation for 2 nights,JNTUA College of Engineering Anantapuramu,Anantapur
Pravega Accommodation for 2 nights,JNTUA College of Engineering Anantapuramu,Anantapur
Pravega Accommodation for 2 nights,JNTUA College of Engineering Anantapuramu,Anantapur
Cyber Forensics,JNTUA College of Engineering Anantapuramu,Anantapur
Pravega Accommodation for 2 nights,JNTUA College of Engineering Anantapuramu,Anantapur
Cyber Forensics,JNTUA College of Engineering Anantapuramu,Anantapur
Pravega Accommodation for 2 nights,JNTUA College of Engineering Anantapuramu,Anantapur
Cyber Forensics,JNTUA College of Engineering Anantapuramu,Anantapur
Pravega Accommodation for 2 nights,JNTUA College of Engineering Anantapuramu,Anantapur
Big Data,Sathyabama university,Chennai
Big Data,Sathyabama university,Chennai
Big Data,Sathyabama university,Chennai
Big Data,Sathyabama university,Chennai
Pravega Accommodation for 2 nights,Sathyabama university,Chennai
Pravega Accommodation for 2 nights,Sathyabama university,Chennai
Pravega Accommodation for 2 nights,Sathyabama university,Chennai
Pravega Accommodation for 2 nights,Sathyabama university,Chennai
Big Data,SATHYABAMA UNIVERSITY,Chennai
Pravega Accommodation for 2 nights,SATHYABAMA UNIVERSITY,Chennai
Big Data,SATHYABAMA UNIVERSITY,Chennai
Big Data,SATHYABAMA UNIVERSITY,Chennai
Pravega Accommodation for 2 nights,SATHYABAMA UNIVERSITY,Chennai
Pravega Accommodation for 2 nights,SATHYABAMA UNIVERSITY,Chennai
Cyber Forensics,sree vidyanikethan engineering college,Bangalore
Automobile and IC Engine Design,"D.M.S.S.V.H COLLEGE OF ENGINEERING,Machilipatnam.",Machilipatnam
General Registration,UVCE,Bangalore
Automobile and IC Engine Design,GITAM UNIVERSITY/DODDABALLAPURA,Doddaballapur
Android Controlled Robotics,RV College of Engineering,Bangalore
Android Controlled Robotics,RV College of Engineering,Bangalore
Pravega Accommodation for 2 nights,"JNTUA College Of Engineering, Anantapuramu",Anantapur
Pravega Accommodation for 2 nights,"JNTUA College Of Engineering, Anantapuramu",Anantapur
Big Data,PESIT,Bangalore
Big Data,"SJCE, Mysore",Mysore
Android Controlled Robotics,RV College of Engineering,Bangalore
Android Controlled Robotics,RV College of Engineering,Bangalore
Android Controlled Robotics,RV College of Engineering,Bangalore
Cyber Forensics,Jntu college of engineering Anantapuramu,Anantapur
Pravega Accommodation for 2 nights,Jntu college of engineering Anantapuramu,Anantapur
Android Controlled Robotics,Gitam university,Bangalore
Android Controlled Robotics,GITAM UNIVERSITY/DODDABALLAPUR,Doddaballapur
Quadcopter Workshop,SJCE Mysore,Mysore
Pravega Accommodation for 2 nights,SJCE Mysore,Mysore
Quadcopter Workshop,Sjce mysore,Mysore
Quadcopter Workshop,Sjce mysore,Mysore
Quadcopter Workshop,Sjce mysore,Mysore
Pravega Accommodation for 2 nights,Sjce mysore,Mysore
Pravega Accommodation for 2 nights,Sjce,Bangalore
Pravega Accommodation for 2 nights,Sjce mysore,Mysore
Cyber Forensics,SJCE MYSORE,Mysore
Cyber Forensics,sjce mysore,Mysore
Cyber Forensics,"SJCE,MYSORE",Mysore
Pravega Accommodation for 2 nights,Sjce Mysore,Mysore
Pravega Accommodation for 2 nights,sjce mysore,Mysore
Pravega Accommodation for 2 nights,"SJCE,MYSORE",Mysore
Cyber Forensics,sjce mysore,Mysore
Pravega Accommodation for 2 nights,Sjce mysore,Mysore
Touch and Augmented Reality,GITAM School of Technology,Bangalore
Quadcopter Workshop,"Jss science and technology university (formerly SJCE), Mysore",Mysore
Pravega Accommodation for 2 nights,"Jss science and technology university (formerly SJCE), Mysore",Mysore
Spray Paint Art,Indian Institute of Science,Bangalore
Big Data,Sir MVIT/Bangalore,Bangalore
Android Controlled Robotics,"PES University, Bangalore",Bangalore
Big Data,Rvr &jc college of engineering,Guntur
Quadcopter Workshop,MYSURU,Mysore
Big Data,SATHYABAMA UNIVERSITY,Chennai
Big Data,SATHYABAMA UNIVERSITY,Chennai
Pravega Accommodation for 2 nights,SATHYABAMA UNIVERSITY,Chennai
Pravega Accommodation for 2 nights,SATHYABAMA UNIVERSITY,Chennai
Big Data,Satyabama university,Bangalore
Big Data,Satyabama university,Bangalore
Big Data,Satyabama university,Bangalore
Big Data,JSSATE,Bangalore
Android Controlled Robotics,GITAM University,Bangalore
Automobile and IC Engine Design,SJCE,Bangalore
Quadcopter Workshop,SJCE / MYSORE,Mysore
Cyber Forensics,RV COLLEGE OF ENGINEERING,Bangalore
General Registration,Indian Institute of Science Education and Research Tirupati,Tirupati
Pravega Accommodation for 2 nights,IISER-Trivandrum,Trichy
Pravega Accommodation for 2 nights,IISER-Trivandrum,Trichy
Pravega Accommodation for 2 nights,IISER-Trivandrum,Trichy
Pravega Accommodation for 2 nights,IISER-Trivandrum,Trichy
Pravega Accommodation for 2 nights,IISER-Trivandrum,Trichy
Pravega Accommodation for 2 nights,IISER-Trivandrum,Trichy
General Registration,IISER-Trivandrum,Trichy
General Registration,IISER-Trivandrum,Trichy
General Registration,IISER-Trivandrum,Trichy
General Registration,IISER-Trivandrum,Trichy
General Registration,IISER-Trivandrum,Trichy
General Registration,IISER-Trivandrum,Trichy
General Registration,Anantapur,Anantapur
Big Data,JNTU ANANTAPUR.,Anantapur
General Registration,Jntu Anantapur,Anantapur
Automobile and IC Engine Design,D.M.S.S.V.H college of engineering,Bangalore
Pravega Accommodation for 2 nights,Government Engineering College Hassan,Hassan
Quadcopter Workshop,Vidhya Vardhaka College of Engineering,Bangalore
Quadcopter Workshop,Vidhya Vardhaka College of Engineering,Bangalore
Quadcopter Workshop,Vidhya Vardhaka College of Engineering,Bangalore
Quadcopter Workshop,Vidhya Vardhaka College of Engineering,Bangalore
Quadcopter Workshop,Vidhya Vardhaka College of Engineering,Bangalore
Pravega Accommodation for 2 nights,Government Engineering College Hassan,Hassan
Android Controlled Robotics,Bangalore,Bangalore
Android Controlled Robotics,Chennai,Chennai
Spray Paint Art,Bangalore,Bangalore
Automobile and IC Engine Design,"Sri Venkateshwara college of engineering, Bengaluru",Bangalore
Spray Paint Art,"IISc, Bangalore",Bangalore
Quadcopter Workshop,SJCE,Bangalore
General Registration,Indian Institute of Science,Bangalore
General Registration,"PSG College of Arts and Science,Coimbatore",Coimbatore
General Registration,"PSG College of Arts and Science,Coimbatore",Coimbatore
Quadcopter Workshop,Vidhya Vardhaka College of Engineering,Bangalore
Quadcopter Workshop,Vidhya Vardhaka College of Engineering,Bangalore
Quadcopter Workshop,Vidhya Vardhaka College of Engineering,Bangalore
Quadcopter Workshop,Vidhya Vardhaka College of Engineering,Bangalore
Quadcopter Workshop,Vidhya Vardhaka College of Engineering,Bangalore
Automobile and IC Engine Design,"Dmssvh college of engineering,machilipatnam",Machilipatnam
Quadcopter Workshop,SREE VIDYANIKETHAN ENGINEERING COLLEGE,Bangalore
Pravega Accommodation for 2 nights,SREE VIDYANIKETHAN ENGINEERING COLLEGE,Bangalore
Android Controlled Robotics,CMR COLLEGE OF ENGINEERING AND TECHNOLOGY/ HYDERABAD,Hyderabad
Android Controlled Robotics,CMR COLLEGE OF ENGINEERING AND TECHNOLOGY/ HYDERABAD,Hyderabad
Android Controlled Robotics,CMR COLLEGE OF ENGINEERING AND TECHNOLOGY/ HYDERABAD,Hyderabad
Quadcopter Workshop,Sjce Mysore,Mysore
Quadcopter Workshop,"SJCE,Mysuru",Mysore
Quadcopter Workshop,"Sri Jayachamarajendra College Of Engineering, Mysore",Mysore
Pravega Accommodation for 2 nights,sree vidyanikethan engineering college,Bangalore
Pravega Accommodation for 2 nights,sree vidyanikethan engineering college,Bangalore
Quadcopter Workshop,"SJCE, Mysore",Mysore
Quadcopter Workshop,"SJCE,Mysore",Mysore
Quadcopter Workshop,"SJCE, Mysore",Mysore
Pravega Accommodation for 2 nights,IISER Tirupati,Tirupati
Pravega Accommodation for 2 nights,IISER TIRUPATI,Tirupati
Cyber Forensics,"sjce , mysore",Mysore
Cyber Forensics,"mce,hassan",Hassan
Pravega Accommodation for 2 nights,"sjce ,mysore",Mysore
Pravega Accommodation for 2 nights,"mce,hassan",Hassan
Spray Paint Art,CMRIT,Bangalore
Big Data,CMRIT,Bangalore
General Registration,Sri Chaitanya College,Bangalore
General Registration,Mount Carmel College,Bangalore
Automobile and IC Engine Design,SRI VIDYANIKETHAN ENGINEERING COLLEGE,Bangalore
Automobile and IC Engine Design,SRI VIDYANIKETHAN ENGINEERING COLLEGE,Bangalore
Automobile and IC Engine Design,SRI VIDYANIKETHAN ENGINEERING COLLEGE,Bangalore
Automobile and IC Engine Design,SRI VIDYANIKETHAN ENGINEERING COLLEGE,Bangalore
Pravega Accommodation for 2 nights,SRI VIDYANIKETHAN ENGINEERING COLLEGE,Bangalore
Pravega Accommodation for 2 nights,SRI VIDYANIKETHAN ENGINEERING COLLEGE,Bangalore
Pravega Accommodation for 2 nights,SRI VIDYANIKETHAN ENGINEERING COLLEGE,Bangalore
Pravega Accommodation for 2 nights,SRI VIDYANIKETHAN ENGINEERING COLLEGE,Bangalore
Automobile and IC Engine Design,M S Ramaiah Institute of Technology,Bangalore
Automobile and IC Engine Design,M S Ramaiah Institute of Technology,Bangalore
General Registration,Bangalore,Bangalore
Quadcopter Workshop,Bangalore,Bangalore
Touch and Augmented Reality,"BNM Institute of Technology, Bangalore",Bangalore
Big Data,"SJCE,MYSURU",Mysore
Cyber Forensics,Bangalore,Bangalore
Quadcopter Workshop,BANGLORE,Bangalore
Automobile and IC Engine Design,"Rvr,guntur",Guntur
Automobile and IC Engine Design,"Rvr,guntur",Guntur
Game Development using Virtual Reality,"JNTU Anantapur,Andhra Pradesh",Anantapur
Game Development using Virtual Reality,"JNTU Anantapur,Andhra Pradesh",Anantapur
Game Development using Virtual Reality,"JNTU Anantapur,Andhra Pradesh",Anantapur
Pravega Accommodation for 2 nights,"JNTU Anantapur,Andhra Pradesh",Anantapur
Pravega Accommodation for 2 nights,"JNTU Anantapur,Andhra Pradesh",Anantapur
Pravega Accommodation for 2 nights,"JNTU Anantapur,Andhra Pradesh",Anantapur
Quadcopter Workshop,"SRI JAYACHAMARAJENDRA COLLEGE OF ENGINEERING, MYSURU",Mysore
Quadcopter Workshop,"SRI JAYACHAMARAJENDRA COLLEGE OF ENGINEERING, MYSURU",Mysore
Quadcopter Workshop,"SRI JAYACHAMARAJENDRA COLLEGE OF ENGINEERING, MYSURU",Mysore
Quadcopter Workshop,"SRI JAYACHAMARAJENDRA COLLEGE OF ENGINEERING, MYSURU",Mysore
Quadcopter Workshop,"SRI JAYACHAMARAJENDRA COLLEGE OF ENGINEERING, MYSURU",Mysore
Quadcopter Workshop,Sri Jayachamarajendra College of Engineering,Mysore
Quadcopter Workshop,Sri Jayachamarajendra College of Engineering,Mysore
Quadcopter Workshop,Sri Jayachamarajendra College of Engineering,Mysore
Quadcopter Workshop,Sri Jayachamarajendra College of Engineering,Mysore
Quadcopter Workshop,Sri Jayachamarajendra College of Engineering,Mysore
Big Data,"svcollege of engineering, Tirupati",Tirupati
Pravega Accommodation for 2 nights,"svcollege of engineering, Tirupati",Tirupati
Quadcopter Workshop,Maharaja institute of technology /Mysore,Mysore
Game Development using Virtual Reality,"Jawaharlal Nehru Technological University,Anantapur",Anantapur
Game Development using Virtual Reality,"Jawaharlal Nehru Technological University,Anantapur",Anantapur
Game Development using Virtual Reality,"Jawaharlal Nehru Technological University,Anantapur",Anantapur
Pravega Accommodation for 2 nights,"Jawaharlal Nehru Technological University,Anantapur",Anantapur
Pravega Accommodation for 2 nights,"Jawaharlal Nehru Technological University,Anantapur",Anantapur
Pravega Accommodation for 2 nights,"Jawaharlal Nehru Technological University,Anantapur",Anantapur
Android Controlled Robotics,"AKS University, Satna (M.P.) 485001",Satna
Android Controlled Robotics,"AKS University, Satna (M.P.) 485001",Satna
Android Controlled Robotics,"AKS University, Satna (M.P.) 485001",Satna
Android Controlled Robotics,"AKS University, Satna (M.P.) 485001",Satna
Android Controlled Robotics,"AKS University, Satna (M.P.) 485001",Satna
Quadcopter Workshop,"AKS University, Satna (M.P.) 485001",Satna
Quadcopter Workshop,"AKS University, Satna (M.P.) 485001",Satna
Quadcopter Workshop,"AKS University, Satna (M.P.) 485001",Satna
Quadcopter Workshop,"AKS University, Satna (M.P.) 485001",Satna
Quadcopter Workshop,"AKS University, Satna (M.P.) 485001",Satna
Cyber Forensics,"AKS University, Satna (M.P.) 485001",Satna
Spray Paint Art,"AKS University, Satna (M.P.) 485001",Satna
Spray Paint Art,"AKS University, Satna (M.P.) 485001",Satna
Quadcopter Workshop,Vidya vardhaka college of engineering,Bangalore
Quadcopter Workshop,Vidya vardhaka college of engineering,Bangalore
Theatre Improv,"AKS University, Satna (M.P.) 485001",Satna
Theatre Improv,"AKS University, Satna (M.P.) 485001",Satna
Theatre Improv,"AKS University, Satna (M.P.) 485001",Satna
Theatre Improv,"AKS University, Satna (M.P.) 485001",Satna
Theatre Improv,"AKS University, Satna (M.P.) 485001",Satna
Theatre Improv,"AKS University, Satna (M.P.) 485001",Satna
Theatre Improv,"AKS University, Satna (M.P.) 485001",Satna
Theatre Improv,"AKS University, Satna (M.P.) 485001",Satna
Theatre Improv,"AKS University, Satna (M.P.) 485001",Satna
Theatre Improv,"AKS University, Satna (M.P.) 485001",Satna
Theatre Improv,"AKS University, Satna (M.P.) 485001",Satna
Theatre Improv,"AKS University, Satna (M.P.) 485001",Satna
Theatre Improv,"AKS University, Satna (M.P.) 485001",Satna
Theatre Improv,"AKS University, Satna (M.P.) 485001",Satna
Theatre Improv,"AKS University, Satna (M.P.) 485001",Satna
Theatre Improv,"AKS University, Satna (M.P.) 485001",Satna
Theatre Improv,"AKS University, Satna (M.P.) 485001",Satna
Theatre Improv,"AKS University, Satna (M.P.) 485001",Satna
Theatre Improv,"AKS University, Satna (M.P.) 485001",Satna
Theatre Improv,"AKS University, Satna (M.P.) 485001",Satna
Android Controlled Robotics,PES University,Bangalore
Android Controlled Robotics,PES University,Bangalore
Android Controlled Robotics,"Kkr&ksr institute of technology and sciences,vinjampadu,Guntur",Guntur
Pravega Accommodation for 2 nights,sree vidyanikethan engineering college,Bangalore
Cyber Forensics,sree vidyanikethan engineering college,Bangalore
Big Data,Sathyabama university,Chennai
Big Data,Sathyabama university,Chennai
Pravega Accommodation for 2 nights,Sathyabama university,Chennai
Pravega Accommodation for 2 nights,Sathyabama university,Chennai
Pravega Accommodation for 2 nights,"PSG College of Arts And Science,Coimbatore.",Coimbatore
Pravega Accommodation for 2 nights,"PSG College of Arts And Science,Coimbatore.",Coimbatore
Pravega Accommodation for 2 nights,"PSG College of Arts And Science,Coimbatore.",Coimbatore
Pravega Accommodation for 2 nights,"PSG College of Arts And Science,Coimbatore.",Coimbatore
Pravega Accommodation for 2 nights,"PSG College of Arts And Science,Coimbatore.",Coimbatore
Touch and Augmented Reality,Mysore,Mysore
Automobile and IC Engine Design,"THE NATIONAL INSTITUTE OF ENGINEERING, MYSURU.",Mysore
Automobile and IC Engine Design,"THE NATIONAL INSTITUTE OF ENGINEERING, MYSURU.",Mysore
Cyber Forensics,"Sri Jayachamarajendra College of Engineering, MYSURU",Mysore
Cyber Forensics,"Sri Jayachamarajendra College of Engineering, MYSURU",Mysore
Cyber Forensics,"Sri Jayachamarajendra College of Engineering, MYSURU",Mysore
Cyber Forensics,"Sri Jayachamarajendra College of Engineering, MYSURU",Mysore
General Registration,SASTRA,Thanjavur
General Registration,IISER TIRUPATI,Tirupati
Quadcopter Workshop,"SRI JAYACHAMARAJENDRA COLLEGE OF ENGINEERING, MYSURU",Mysore
Quadcopter Workshop,"SRI JAYACHAMARAJENDRA COLLEGE OF ENGINEERING, MYSURU",Mysore
Quadcopter Workshop,"SRI JAYACHAMARAJENDRA COLLEGE OF ENGINEERING, MYSURU",Mysore
Quadcopter Workshop,"SRI JAYACHAMARAJENDRA COLLEGE OF ENGINEERING, MYSURU",Mysore
Quadcopter Workshop,"SRI JAYACHAMARAJENDRA COLLEGE OF ENGINEERING, MYSURU",Mysore
Pravega Accommodation for 2 nights,"SRI JAYACHAMARAJENDRA COLLEGE OF ENGINEERING, MYSURU",Mysore
Pravega Accommodation for 2 nights,"SRI JAYACHAMARAJENDRA COLLEGE OF ENGINEERING, MYSURU",Mysore
Pravega Accommodation for 2 nights,"SRI JAYACHAMARAJENDRA COLLEGE OF ENGINEERING, MYSURU",Mysore
Pravega Accommodation for 2 nights,"SRI JAYACHAMARAJENDRA COLLEGE OF ENGINEERING, MYSURU",Mysore
Pravega Accommodation for 2 nights,"SRI JAYACHAMARAJENDRA COLLEGE OF ENGINEERING, MYSURU",Mysore
General Registration,"National Institute of Technology, Trichy",Trichy
Game Development using Virtual Reality,"Sv college of engineering, tirupati",Tirupati
Game Development using Virtual Reality,"Sv college of engineering, tirupati",Tirupati
Game Development using Virtual Reality,"Sv college of engineering, tirupati",Tirupati
Game Development using Virtual Reality,"Sv college of engineering, tirupati",Tirupati
Game Development using Virtual Reality,"Sv college of engineering, tirupati",Tirupati
Pravega Accommodation for 2 nights,"Sv college of engineering, tirupati",Tirupati
Pravega Accommodation for 2 nights,"Sv college of engineering, tirupati",Tirupati
Pravega Accommodation for 2 nights,"Sv college of engineering, tirupati",Tirupati
Pravega Accommodation for 2 nights,"Sv college of engineering, tirupati",Tirupati
Pravega Accommodation for 2 nights,"Sv college of engineering, tirupati",Tirupati
Theatre Improv,IISc,Bangalore
Quadcopter Workshop,"SRI JAYACHAMARAJENDRA COLLEGE OF ENGINEERING, MYSORE",Mysore
Quadcopter Workshop,"SRI JAYACHAARAJENDRA COLLEGE OF ENGINEERING, YSORE",Bangalore
Quadcopter Workshop,"SJCE ,MYSURU",Mysore
Game Development using Virtual Reality,"SRM UNIVERSITY KATTANKULATHUR, CHENNAI, TAMIL NADU",Chennai
Cyber Forensics,"SRM UNIVERSITY KATTANKULATHUR, CHENNAI, TAMIL NADU",Chennai
General Registration,Mahendra Engineering College /salem,Salem
Android Controlled Robotics,PES university,Bangalore
General Registration,salem,Salem
General Registration,Mahendra Engineering College/ Salem,Salem
Pravega Accommodation for 2 nights,sathyabama university,Chennai
Pravega Accommodation for 2 nights,sathyabama university,Chennai
Pravega Accommodation for 2 nights,sathyabama university,Chennai
General Registration,Mahendra Engineering College/ Salem,Salem
Cyber Forensics,"SJCE, MYSURU",Mysore
Cyber Forensics,"SJCE, MYSURU",Mysore
Cyber Forensics,"SJCE, MYSURU",Mysore
Pravega Accommodation for 2 nights,"SJCE, MYSURU",Mysore
Pravega Accommodation for 2 nights,"SJCE, MYSURU",Mysore
Pravega Accommodation for 2 nights,"SJCE, MYSURU",Mysore
General Registration,"St. Joseph's College (Autonomous), Bengaluru",Bangalore
Touch and Augmented Reality,GITAM UNIVERSITY,Bangalore
Touch and Augmented Reality,GITAM UNIVERSITY,Bangalore
Touch and Augmented Reality,GITAM UNIVERSITY,Bangalore
Touch and Augmented Reality,GITAM UNIVERSITY,Bangalore
Pravega Accommodation for 2 nights,"Sri Jayachamarajendra college of Engineering,mysuru",Mysore
Pravega Accommodation for 2 nights,"Sri Jayachamarajendra college of Engineering,mysuru",Mysore
Pravega Accommodation for 2 nights,"Sri Jayachamarajendra college of Engineering,mysuru",Mysore
Quadcopter Workshop,"Sri Jayachamarajendra college of Engineering,mysuru",Mysore
Quadcopter Workshop,"Sri Jayachamarajendra college of Engineering,mysuru",Mysore
Quadcopter Workshop,"Sri Jayachamarajendra college of Engineering,mysuru",Mysore
Cyber Forensics,Shri Jaychamrajendra college of engineering,Bangalore
Cyber Forensics,GITAM University Bengaluru,Bangalore
Pravega Accommodation for 2 nights,Shri Jaychamrajendra college of engineering,Bangalore
Game Development using Virtual Reality,"National Institute of Technology, Puducherry",Puducherry
Game Development using Virtual Reality,"National Institute of Technology, Puducherry",Puducherry
Game Development using Virtual Reality,"National Institute of Technology, Puducherry",Puducherry
Game Development using Virtual Reality,"National Institute of Technology, Puducherry",Puducherry
Pravega Accommodation for 2 nights,"National Institute of Technology, Puducherry",Puducherry
Pravega Accommodation for 2 nights,"National Institute of Technology, Puducherry",Puducherry
Pravega Accommodation for 2 nights,"National Institute of Technology, Puducherry",Puducherry
Pravega Accommodation for 2 nights,"National Institute of Technology, Puducherry",Puducherry
Quadcopter Workshop,"SJCE ,MYSURU",Mysore
Cyber Forensics,"SJCE, Mysuru",Mysore
Cyber Forensics,"SJCE, Mysuru",Mysore
General Registration,"UVCE , Bangalore",Bangalore
General Registration,IISER Tirupati,Tirupati
General Registration,IISER Tiruati,Tirupati
Pravega Accommodation for 2 nights,IISER Tirupati,Tirupati
Pravega Accommodation for 2 nights,IISER Tirupati,Tirupati
Big Data,Sree vidyanikethan engineering college,Bangalore
Cyber Forensics,SJCE MYSURU,Mysore
Pravega Accommodation for 2 nights,Sree vidyanikethan engineering college,Bangalore
General Registration,IISER Tirupati,Tirupati
General Registration,IISER Tirupati,Tirupati
Pravega Accommodation for 2 nights,IISER Tirupati,Tirupati
Pravega Accommodation for 2 nights,IISER Tirupati,Tirupati
Game Development using Virtual Reality,IISER Tirupati,Tirupati
Quadcopter Workshop,"Sri Jayachamarajendra College Of Engineering,Mysuru",Mysore
Pravega Accommodation for 2 nights,"Sri Jayachamarajendra College Of Engineering,Mysuru",Mysore
Quadcopter Workshop,"Sri Jayachamarajendra College Of Engineering,Mysuru",Mysore
Pravega Accommodation for 2 nights,"Sri Jayachamarajendra College Of Engineering,Mysuru",Mysore
Big Data,"JSS Science & Technological university, Mysore",Mysore
Cyber Forensics,"Vidyavardhaka College Of Engineering, MYSURU",Mysore
Cyber Forensics,sri jayachamarajendra college of engineering,Bangalore
Spray Paint Art,DPS/Bangalore,Bangalore
Cyber Forensics,RVR and JC College of Enpgineering,Guntur
Touch and Augmented Reality,Acharya institute of technology Banglore,Bangalore
Quadcopter Workshop,"RVCE, Bengaluru",Bangalore
Quadcopter Workshop,"RVCE, Bengaluru",Bangalore
Quadcopter Workshop,"RVCE, Bengaluru",Bangalore
Quadcopter Workshop,"RVCE, Bengaluru",Bangalore
Quadcopter Workshop,"RVCE, Bengaluru",Bangalore
Touch and Augmented Reality,Acharya institute of technology Bangalore,Bangalore
Touch and Augmented Reality,"Acharya institute of technology, banglore",Bangalore
Game Development using Virtual Reality,"PES Institute of Technology, South Campus, Bengaluru",Bangalore
Cyber Forensics,"Sri Jayachamarajendra College of Engineering, Mysuru",Mysore
Cyber Forensics,"Sri Jayachamarajendra College of Engineering, Mysuru",Mysore
Cyber Forensics,"Sri S Jayachamarajendra College of Engineering, Mysuru",Mysore
Quadcopter Workshop,"SJCE, Mysuru",Mysore
Quadcopter Workshop,"SJCE, Mysuru",Mysore
Quadcopter Workshop,"SJCE, Mysuru",Mysore
Quadcopter Workshop,"SJCE, Mysuru",Mysore
Quadcopter Workshop,"SJCE, Mysuru",Mysore
Automobile and IC Engine Design,AAA College of Engineering & Technology,Bangalore
Automobile and IC Engine Design,AAA College of Engineering & Technology,Bangalore
Automobile and IC Engine Design,AAA College of Engineering & Technology,Bangalore
Automobile and IC Engine Design,AAA College of Engineering & Technology,Bangalore
Android Controlled Robotics,PESU,Bangalore
General Registration,GSKSJTI Bengaluru,Bangalore
Big Data,GSKSJTI Bengaluru,Bangalore
Spray Paint Art,GSKSJTI Bengaluru,Bangalore
Theatre Improv,M.S.Ramaiah University of Applied Sciences,Bangalore
Automobile and IC Engine Design,"Bms college of engineering, bangalore",Bangalore
Quadcopter Workshop,"SJCE ,MYSURU",Mysore
Big Data,"Sri Jayachamarajendra College of Engineering, Mysuru",Mysore
Quadcopter Workshop,"Jss science and technology University, Mysore",Mysore
Quadcopter Workshop,JSS SCIENCE AND TECHNOLOGY UNIVERSITY,Bangalore
Quadcopter Workshop,JSS SCIENCE AND TECHNOLOGY UNIVERSITY MYSURU,Mysore
Quadcopter Workshop,JSS SCIENCE AND TECHNOLOGY UNIVERSITY MYSURU,Mysore
Quadcopter Workshop,JSS SCIENCE AND TECHNOLOGY UNIVERSITY,Bangalore
Cyber Forensics,"SJCE, Mysuru",Mysore
Cyber Forensics,IISER Tirupati,Tirupati
Cyber Forensics,"Sri Jayachamarajendra College of Engineering,Mysore",Mysore
Big Data,R.V. College of Engineering Bangalore,Bangalore
Big Data,R.V. College of Engineering Bangalore,Bangalore
Big Data,MSRIT,Bangalore
Game Development using Virtual Reality,Salem,Salem
Touch and Augmented Reality,VIDYAVARDHAKA COLLEGE OF ENGINEERING,Bangalore
Touch and Augmented Reality,VIDYAVARDHAKA COLLEGE OF ENGINEERING,Bangalore
Touch and Augmented Reality,VIDYAVARDHAKA COLLEGE OF ENGINEERING,Bangalore
Touch and Augmented Reality,VIDYAVARDHAKA COLLEGE OF ENGINEERING,Bangalore
Cyber Forensics,"VIT, Bangalore",Bangalore
Cyber Forensics,"VIT, Bangalore",Bangalore
Big Data,Sri Jayachamarajendra College of Engineering,Mysore
Quadcopter Workshop,BMS Institute of Technology,Bangalore
General Registration,mahendra engineering college / salem,Salem
Big Data,MS RAMAIAH INSTITUTE OF TECHNOLOGY,Bangalore
Quadcopter Workshop,SJCE Mysuru,Mysore
Cyber Forensics,"Sir.MVIT,bangalore",Bangalore
Game Development using Virtual Reality,Bangalore,Bangalore
Game Development using Virtual Reality,Bangalore,Bangalore
Quadcopter Workshop,SJCE Mysuru,Mysore
Android Controlled Robotics,Veltech technical university/Chennai,Chennai
Quadcopter Workshop,sjce/Mysore,Mysore
Touch and Augmented Reality,MVJCE,Bangalore
Quadcopter Workshop,SJCE mysore,Mysore
Game Development using Virtual Reality,Indian Institute of Science,Bangalore
Cyber Forensics,"SJCE,Mysore",Mysore
Cyber Forensics,Vidyavardhaka College of Engineering,Bangalore
Cyber Forensics,Vidyavardhaka College of Engineering,Bangalore
Cyber Forensics,Mysore,Mysore
Android Controlled Robotics,RNSIT,Bangalore
Automobile and IC Engine Design,"THE NATIONAL INSTITUTE OF ENGINEERING , MYSURU",Mysore
Cyber Forensics,Sri Jayachamarajendra College of Engineering/mysore,Mysore
Touch and Augmented Reality,SJCE Mysuru,Mysore
Big Data,RV college of engineering,Bangalore
Touch and Augmented Reality,Sri Jayachamarajendra College Of Engineering Mysore,Mysore
Cyber Forensics,Sathyabama University,Chennai
Touch and Augmented Reality,JSS Science and Technological University Mysuru,Mysore
General Registration,IISER Tirupati,Tirupati
General Registration,RNS Institute of Technology,Bangalore
General Registration,RNS Institute of Technology,Bangalore
Big Data,SVCOLLEGE OF ENGINEERING,Bangalore
Big Data,SVCOLLEGE OF ENGINEERING,Bangalore
Big Data,SVCOLLEGE OF ENGINEERING,Bangalore
Cyber Forensics,"Sri Jayachamarajendra College of Engineering, Mysore",Mysore
Android Controlled Robotics,"sri jayachamarajendra college of engineering, mysore",Mysore
General Registration,sathyabama university,Chennai
General Registration,sathyabama university,Chennai
General Registration,sathyabama university,Chennai
Touch and Augmented Reality,BANGALORE,Bangalore
Big Data,"Bangalore Institute Of Technology, Bangalore",Bangalore
Big Data,Bangalore Institute of Technology,Bangalore
General Registration,R. V. College of Engineering,Bangalore
General Registration,R. V. College of Engineering,Bangalore
General Registration,IIT Madras,Bangalore
Automobile and IC Engine Design,THE NATIONAL INSTITUTE OF ENGINEERING,Bangalore
Automobile and IC Engine Design,THE NATIONAL INSTITUTE OF ENGINEERING,Bangalore
General Registration,"R.V. College of Engineering, Bangalore",Bangalore
General Registration,"R.V. College of Engineering, Bangalore",Bangalore
Theatre Improv,IISc. Bangalore,Bangalore
Automobile and IC Engine Design,"THE NATIONAL INSTITUTE OF ENGINEERING, MYSURU",Mysore
Big Data,NIT TRICHY,Trichy
Touch and Augmented Reality,GITAM UNIVERSITY BANGALORE,Bangalore
Cyber Forensics,Sai Vidya Institute of Technology bangalore,Bangalore
Game Development using Virtual Reality,SJCE Mysore,Mysore
Theatre Improv,Shridevi Institute of Engineering and Technology-tumkur,Bangalore
Spray Paint Art,Shridevi Institute of Engineering and Technology-tumkur,Bangalore
Big Data,"Jain University, Bangalore",Bangalore
Touch and Augmented Reality,Sri Vidyaniketan Engineering College,Bangalore
Touch and Augmented Reality,Sree vidyanikethan engineering college,Bangalore
Touch and Augmented Reality,"Sree Vidyanikethan Engineering College,Tirupati",Tirupati
General Registration,"MIT, Manipal",Manipal
Automobile and IC Engine Design,"NIE, MYSURU",Mysore
Big Data,"PES Universirty, Bangalore",Bangalore
Big Data,"JSS Science and Technology University, Mysore",Mysore
Automobile and IC Engine Design,"BNMIT, Bengaluru",Bangalore
Automobile and IC Engine Design,BNMIT,Bangalore
Automobile and IC Engine Design,Bangalore,Bangalore
Automobile and IC Engine Design,Bangalore,Bangalore
Big Data,tirupathi,Tirupati
Big Data,tirupathi,Tirupati
Big Data,Bangalore institute of Technology,Bangalore
Big Data,Bangalore,Bangalore
Android Controlled Robotics,Dr ambedkar insitute of technology bangalore,Bangalore
Big Data,Anantapur,Anantapur
Android Controlled Robotics,THE NATIONAL INSTITUTE OF ENGINEERING,Bangalore
Android Controlled Robotics,The national institute of engineering,Bangalore
Android Controlled Robotics,The national institute of engineering,Bangalore
Android Controlled Robotics,The national institute of engineering,Bangalore
Android Controlled Robotics,The national institute of engineering,Bangalore
Automobile and IC Engine Design,BELGAUM,Belgaum
Automobile and IC Engine Design,BELGAUM,Belgaum
Automobile and IC Engine Design,VIJAYAPURA,Vijayapura
Cyber Forensics,Sri jaychamrajendra college of engineering,Bangalore
Cyber Forensics,Sri jaychamrajendra college of engineering,Bangalore
General Registration,SARADA VILAS COLLEGE MYSURU,Mysore
General Registration,SARADA VILAS COLLEGE MYSURU,Mysore
General Registration,SARADA VILAS COLLEGE MYSURU,Mysore
Cyber Forensics,Sjce Mysore,Mysore
Cyber Forensics,Sjce Mysore,Mysore
Cyber Forensics,Sjce Mysore,Mysore
Touch and Augmented Reality,Sree vidyanikethan engineering college,Bangalore
Touch and Augmented Reality,MYSORE,Mysore
General Registration,BMS COLLEGE OF ENGINEERING,Bangalore
General Registration,BMSCE,Bangalore
General Registration,BMSCE,Bangalore
Big Data,PES University,Bangalore
Android Controlled Robotics,"GITAM University, Bangalore Campus",Bangalore
Android Controlled Robotics,"GITAM University, Bangalore Campus",Bangalore
Android Controlled Robotics,"GITAM University, Bangalore Campus",Bangalore
Android Controlled Robotics,"GITAM University, Bangalore Campus",Bangalore
Android Controlled Robotics,"GITAM University, Bangalore Campus",Bangalore
Android Controlled Robotics,Bangalore,Bangalore
Touch and Augmented Reality,"Sree Vidyanikethan Engineering College,Tirupati",Tirupati
Touch and Augmented Reality,"Sree Vidyanikethan Engineering College,Tirupati",Tirupati
Big Data,Rnsit,Bangalore
Cyber Forensics,RVCE BANGALORE,Bangalore
Cyber Forensics,RVCE BANGALORE,Bangalore
Cyber Forensics,RVCE BANGALORE,Bangalore
Big Data,"Ramaiah Institute of Technology, Bangalore",Bangalore
Touch and Augmented Reality,"Sree vidyanikethan engineering college, tirupathi",Tirupati
Touch and Augmented Reality,"Sree vidyanikethan engineering college, tirupathi",Tirupati
General Registration,Mahendra Engineering COllege / salem,Salem
General Registration,Mahendra Engineering College / Salem,Salem
Automobile and IC Engine Design,"Amrita School of Engineering,Bangalore",Bangalore
Automobile and IC Engine Design,The national institute of engineering Mysore,Mysore
Automobile and IC Engine Design,Sir mvit,Bangalore
Android Controlled Robotics,CMR COLLEGE OF ENGINEERING AND TECHNOLOGY / HYDERABAD,Hyderabad
Big Data,National Institute of Creative Communication,Bangalore
Touch and Augmented Reality,National Institute of Creative Communication,Bangalore
Big Data,NICC Banglore,Bangalore
Touch and Augmented Reality,Mysore,Mysore
Android Controlled Robotics,Pes university,Bangalore
Automobile and IC Engine Design,VIJAYAPURA,Vijayapura
Automobile and IC Engine Design,VIJAYAPURA,Vijayapura
Touch and Augmented Reality,Mysore,Mysore
Cyber Forensics,Gitam university,Bangalore
Cyber Forensics,SJCE/MYSORE,Mysore
Cyber Forensics,Dayananda Sagar Institutions/BANGALORE,Bangalore
General Registration,Gitam university/banglore,Bangalore
General Registration,Gitam university/banglore,Bangalore
Android Controlled Robotics,SRI KRISHNADEVARAYA COLLEGE OF ENGINEERING AND TECHNOLOGY,Bangalore
Android Controlled Robotics,UVCE,Bangalore
Android Controlled Robotics,UVCE / Bangalore,Bangalore
General Registration,RV College of Engineering,Bangalore
Touch and Augmented Reality,Mysore,Mysore
General Registration,IIIT Bangalore,Mumbai
General Registration,IIIT bangalore,Bangalore
General Registration,IIIT bangalore,Bangalore
General Registration,IIIT bangalore,Bangalore
General Registration,iiit bangalore,Bangalore
Automobile and IC Engine Design,"Blde's engg college , Bijapur",Bijapur
Automobile and IC Engine Design,"Blde's engg college , Bijapur",Bijapur
Automobile and IC Engine Design,"Blde's engg college , Bijapur",Bijapur
Automobile and IC Engine Design,"Blde's engg college , Bijapur",Bijapur
Big Data,Dr.AIT,Bangalore
Automobile and IC Engine Design,amrita school of engineering bengaluru,Bangalore
Big Data,"Sree vidyanikethan engineering college, Tirupati",Tirupati
Touch and Augmented Reality,NIEIT mysore,Mysore
Cyber Forensics,Vidya Vikas Mysore,Mysore
Cyber Forensics,Chennabasaveshwar technology gubbi,Bangalore
General Registration,"IISER Tirupati, Tirupati",Tirupati
General Registration,"IISER Tirupati, Tirupati",Tirupati
General Registration,"IISER Tirupati, Tirupati",Tirupati
Automobile and IC Engine Design,Amrita School Of Engineering/Bangalore,Bangalore
Big Data,Amrita School Of Engineering/Bangalore,Bangalore
Touch and Augmented Reality,BEC Bagalkot,Bangalore
Cyber Forensics,"SJCE , Mysore",Mysore
Touch and Augmented Reality,GLOBAL ACADEMY OF TECHNOLOGY,Bangalore
Big Data,"Amrita school of engineering, Bengaluru",Bangalore
Big Data,"Amrita school of engineering, bangalore",Bangalore
Big Data,Amrita school of engineering,Bangalore
General Registration,BMS COLLEGE OF ENGINEERING,Bangalore
Automobile and IC Engine Design,"Amrita School of Engineering ,Bengaluru",Bangalore
General Registration,"IISER Tirupati, Tirupati",Tirupati
General Registration,"IISER Tirupati, Tirupati",Tirupati
General Registration,"IISER Tirupati, Tirupati",Tirupati
General Registration,"IISER Tirupati, Tirupati",Tirupati
Automobile and IC Engine Design,"Vidyavardhaka college of engineering, Mysore",Mysore
Big Data,Rvr and jc college of engineering,Guntur
Big Data,Rvr and jc college of engineering,Guntur
Cyber Forensics,Rvr and jc college of engineering,Guntur
Cyber Forensics,Rvr and jc college of engineering,Guntur
Big Data,"Amrita School Of Engineering, Bangalore",Bangalore
General Registration,"Yuvaraja's college, Mysuru",Mysore
General Registration,"Yuvaraja's college, Mysuru",Mysore
General Registration,"Yuvaraja's college, Mysuru",Mysore
General Registration,"Yuvaraja's college,Mysuru",Mysore
General Registration,"Yuvaraja college, Mysore",Mysore
General Registration,"Yuvaraja college, Mysore",Mysore
Big Data,"Amrita School of Engineering, Bangalore",Bangalore
Big Data,KNSIT,Bangalore
Big Data,Sambram Institute of Technology,Bangalore
Big Data,PES UNIVERSITY/BANGALORE,Bangalore
Big Data,PES UNIVERSITY/BANGALORE,Bangalore
Big Data,Amrita School of Engineering/Bangalore,Bangalore
Automobile and IC Engine Design,"Amrita School of Engineering, Bangalore",Bangalore
General Registration,"Yuvaraja college, Mysuru",Mysore
General Registration,"Yuvaraja college, Mysuru",Mysore
Cyber Forensics,"CMRIT,bangalore",Bangalore
Big Data,amrita school of engineering bangalore,Bangalore
Big Data,Siddaganga Institute of Technology,Bangalore
Big Data,Siddaganga Institute of Technology,Bangalore
Big Data,GITAM University Bangalore,Bangalore
Big Data,GITAM University,Bangalore
Automobile and IC Engine Design,The National Institute of Engineering,Bangalore
Game Development using Virtual Reality,Sjce,Bangalore
Game Development using Virtual Reality,Bangalore,Bangalore
Automobile and IC Engine Design,Sambhram institute of technology,Bangalore
General Registration,acharya institute of technology bangalore,Bangalore
Touch and Augmented Reality,Gitam university,Bangalore
General Registration,Mahendra Engineering College,Bangalore
Quadcopter Workshop,Sit Tumkur,Bangalore
Automobile and IC Engine Design,"Blde's engg college,Bijapur",Bijapur
Automobile and IC Engine Design,"Blde's engg college,Bijapur",Bijapur
Automobile and IC Engine Design,SIR M.VISVESVARAYA INSTITUTE OF TECHNOLOGY,Bangalore
General Registration,IISER Tirupati,Tirupati
Automobile and IC Engine Design,"dms svh college of engeeneering ,machilipatnam",Machilipatnam
Touch and Augmented Reality,National instute of creative communication/Bangalore,Bangalore
Touch and Augmented Reality,R V COLLEGE,Bangalore
Touch and Augmented Reality,R V COLLEGE,Bangalore
Quadcopter Workshop,SJCE Mysore,Mysore
Quadcopter Workshop,SJCE,Bangalore
Android Controlled Robotics,JNTUA COLLEGE OF ENGINEERING ANANTAPUR,Anantapur
Cyber Forensics,R.V. College Of Engineering,Bangalore
Cyber Forensics,R.V College Of Engineering,Bangalore
Touch and Augmented Reality,Acharya instituite of technology,Bangalore
Automobile and IC Engine Design,"Sir MVIT,Bangalore",Bangalore
Quadcopter Workshop,BENGALURU,Bangalore
Cyber Forensics,Bangalore,Bangalore
Android Controlled Robotics,SREE VIDYANIKETHAN ENGINEERING COLLEGE,Bangalore
Android Controlled Robotics,SREE VIDYANIKETHAN ENGINEERING COLLEGE,Bangalore
Android Controlled Robotics,SREE VIDYANIKETHAN ENGINEERING COLLEGE,Bangalore
Android Controlled Robotics,SREE VIDYANIKETHAN ENGINEERING COLLEGE,Bangalore
Cyber Forensics,Sambhram college,Bangalore
Cyber Forensics,Acharya institute of technology,Bangalore
General Registration,R. V. College of Engineering - Bangalore,Bangalore
General Registration,BENGALURU,Bangalore
General Registration,AMRITA VISWA VIDYAPEETHAM/KOLLAM,Kollam
General Registration,AMRITA VISWA VIDYAPEETHAM/KOLLAM,Kollam
General Registration,AMRITA VISWA VIDYAPEETHAM/KOLLAM,Kollam
General Registration,AMRITA VISWA VIDYAPEETHAM/KOLLAM,Kollam
General Registration,AMRITA VISWA VIDYAPEETHAM/KOLLAM,Kollam
General Registration,AMRITA VISWA VIDYAPEETHAM/KOLLAM,Kollam
General Registration,AMRITA VISWA VIDYAPEETHAM/KOLLAM,Kollam
General Registration,AMRITA VISWA VIDYAPEETHAM/KOLLAM,Kollam
General Registration,AMRITA VISWA VIDYAPEETHAM/KOLLAM,Kollam
General Registration,AMRITA VISWA VIDYAPEETHAM/KOLLAM,Kollam
General Registration,AMRITA VISWA VIDYAPEETHAM/KOLLAM,Kollam
General Registration,AMRITA VISWA VIDYAPEETHAM/KOLLAM,Kollam
General Registration,R V College of Engineering,Bangalore
General Registration,R V College of Engineering,Bangalore
General Registration,R V College of Engineering,Bangalore
Automobile and IC Engine Design,"Amrita school of engineering, Bengaluru",Bangalore
Cyber Forensics,"SRM UNIVERSITY KATTANKULATHUR, CHENNAI, TAMIL NADU",Chennai
General Registration,IIT Bombay,Mumbai
General Registration,St.Joseph's College,Bangalore
General Registration,Amrita School of engineering,Bangalore
General Registration,Amrita School of engineering,Bangalore
General Registration,Amrita school of engineering,Bangalore
General Registration,Amrita school of engineering,Bangalore
General Registration,JNTU COLLEGE OF ENGINEERING ANANTAPUR,Anantapur
General Registration,JNTU COLLEGE OF ENGINEERING ANANTAPUR,Anantapur
General Registration,JNTU COLLEGE OF ENGINEERING ANANTAPUR,Anantapur
General Registration,JNTU COLLEGE OF ENGINEERING ANANTAPUR,Anantapur
General Registration,JNTU COLLEGE OF ENGINEERING ANANTAPUR,Anantapur
Android Controlled Robotics,Gitam university Bangalore,Bangalore
General Registration,Bangalore,Bangalore
General Registration,Bangalore,Bangalore
General Registration,BANGALORE,Bangalore
Android Controlled Robotics,Bengaluru,Bangalore
Android Controlled Robotics,Vidya Vardhaka College Of Engineering,Bangalore
Android Controlled Robotics,Vidya Vardhaka College Of Engineering,Bangalore
Android Controlled Robotics,Vidya Vardhaka College Of Engineering,Bangalore
Spray Paint Art,"Indian Institute of Science, Bangalore",Bangalore
Automobile and IC Engine Design,Aaa college of engg and tech,Bangalore
Android Controlled Robotics,banglore,Bangalore
Automobile and IC Engine Design,AAA COLLEGE OF ENGG AND TECH/SIVAKASI,Sivakasi
Automobile and IC Engine Design,"Amrita School of Engineering, Bangalore",Bangalore
Automobile and IC Engine Design,AMRITA SCOOL OF ENGINEERING/BANGALORE,Bangalore
Automobile and IC Engine Design,AMRITA SCOOL OF ENGINEERING/BANGALORE,Bangalore
General Registration,Amrita School of engineering,Bangalore
Automobile and IC Engine Design,AAA COLLEGE OF ENGG AND TECH,Bangalore
General Registration,PES Institute of Technology,Bangalore
General Registration,PES Institute of Technology,Bangalore
General Registration,SJB Institute of Technology,Bangalore
Touch and Augmented Reality,Nagarjuna college of engineering,Bangalore
Touch and Augmented Reality,Bangalore institute of technology,Bangalore
Automobile and IC Engine Design,Dr. Ambedkar Institute Of Technology,Bangalore
Automobile and IC Engine Design,Dr. Ambedkar Institute Of Technology,Bangalore
Touch and Augmented Reality,Sri Jagadguru Chandrashekaranatha institute of technology,Bangalore
Cyber Forensics,"Jain University, Bangalore",Bangalore
Cyber Forensics,"Mount Carmel College, Bangalore.",Bangalore
Cyber Forensics,"Mount Carmel College, Bangalore.",Bangalore
Touch and Augmented Reality,Sree vidyanikethan engineering college,Bangalore
General Registration,Manipal Institute of Technology,Manipal
General Registration,Manipal Institute of Technology,Manipal
General Registration,Manipal Institute of Technology,Manipal
Quadcopter Workshop,SREE VIDYANIKETHAN ENGINEERING COLLEGE,Bangalore
Automobile and IC Engine Design,Jntu pulivendula,Bangalore
Automobile and IC Engine Design,Jntu pulivendula,Bangalore
General Registration,GAT Bengaluru,Bangalore
General Registration,SJBIT Bengaluru,Bangalore
General Registration,Bangalore,Bangalore
Android Controlled Robotics,Atria Institute of Technology /Bangalore,Trichy
General Registration,NIT Trichy,Trichy
Android Controlled Robotics,"R V College of Engineering,Banglore",Bangalore
Android Controlled Robotics,"R.V College Of Engineering, Bangalore",Bangalore
Android Controlled Robotics,"VELTECH UNIVERSITY / CHENNAI, TAMILNADU",Chennai
Android Controlled Robotics,PESU Bangalore,Bangalore
Android Controlled Robotics,Msrit Bangalore,Bangalore
Android Controlled Robotics,Msrit bangalore,Bangalore
Android Controlled Robotics,DBIT Bangalore,Bangalore
Android Controlled Robotics,Mssrit Bangalore,Bangalore
General Registration,MES Degree College,Bangalore
Touch and Augmented Reality,M.S.Ramaiah Institue of Technology-Bangalore,Bangalore
Touch and Augmented Reality,M.S.Ramaiah Institue of Technology-Bangalore,Bangalore
General Registration,Bangalore,Bangalore
General Registration,RV COLLEGE OF ENGINEERING BANGALORE,Bangalore
General Registration,RV COLLEGE OF ENGINEERING BANGALORE,Bangalore
General Registration,RV COLLEGE OF ENGINEERING BANGALORE,Bangalore
General Registration,Sri Kumarans Childrens Education Home/Bangalore,Bangalore
General Registration,NIT Trichy,Trichy
General Registration,"R.V.College of Engineering, Bangalore",Bangalore
General Registration,Sri Kumaran Children's Home - CBSE/Bangalore,Bangalore
Drone Photography,Dayananda Sagar College of engineering,Bangalore
Drone Photography,Dayananda Sagar College of engg,Bangalore
General Registration,RV College of Engineering,Bangalore
Cyber Forensics,GLOBAL ACADEMY OF TECHNOLOGY,Bangalore
Cyber Forensics,"Sir M Visvesvaraya Institute Of Technology, Bangalore",Bangalore
General Registration,"Dr Ambedkar Institute Of Technology, Bangalore",Bangalore
General Registration,Bengaluru,Bangalore
General Registration,Dayananda Sagar College of Engineering,Bangalore
General Registration,CMR institute of Technology,Bangalore
General Registration,St. Joseph. College,Bangalore
General Registration,St. Joseph's College,Bangalore
General Registration,"Sri Chaitanya PU College, Bangalore",Bangalore
General Registration,"Sri Chaitanya PU College, Bangalore",Bangalore
General Registration,Narasaraopet Engineering College,Narasaraopeta
General Registration,Narasaraopet Engineering College,Narasaraopeta
General Registration,Narasaraopet Engineering College,Narasaraopeta
General Registration,"CMR University, Bangalore",Bangalore
General Registration,IIIT-B,Bangalore
General Registration,Bengaluru,Bangalore
General Registration,Bengaluru,Bangalore
General Registration,Bengaluru,Bangalore
General Registration,RVCE/ Bangalore,Bangalore
General Registration,RVCE/Bangalore,Bangalore
General Registration,"Gitam university,Bangalore",Bangalore
General Registration,"Gitam university, Bangalore",Bangalore
General Registration,Bangalore,Bangalore
General Registration,Bangalore,Bangalore
General Registration,maharani lakshmi ammanni college,Bangalore
General Registration,B M S College of Engineering,Bangalore
General Registration,B M S College of Engineering,Bangalore
General Registration,Bangalore,Bangalore
General Registration,"RV College of Engineering, Bangalore",Bangalore
General Registration,RV College of Engineering,Bangalore
General Registration,RV College of Engineering,Bangalore
General Registration,"SRI KUMARANS CHILDRENS HOME, BANGALORE",Bangalore
General Registration,Kumarans / Bangalore,Bangalore
General Registration,SS Institute of Medical Sciences,Devanegere
General Registration,dayanandasagar,Bangalore
General Registration,RVCE Bengaluru,Bangalore
General Registration,RVCE Bengaluru,Bangalore
General Registration,Bangalore,Bangalore
General Registration,"Rv college, bangalore",Bangalore
General Registration,"Cmr, bangalore",Bangalore
General Registration,Bmsce / bangalore,Bangalore
General Registration,BMSCE/bangalore,Bangalore
General Registration,BMSCE/ bangalore,Bangalore
General Registration,Ms Ramaiah university of applied sciences,Bangalore
General Registration,Ms Ramaiah university of applied sciences,Bangalore
General Registration,Ms Ramaiah university of applied sciences,Bangalore
General Registration,BMSCE/bangalore,Bangalore
General Registration,Bangalore,Bangalore
